KabKota_bpjs;KabKota_jml;Provinsi;Rokok;Gula;Minuman;Mie;Minyak;Buah;Sayur;IPM;IPM_level;Kepadatan_level;Penc_Air_level;Penc_Udara_level;Sanitasi_level;Rokok_level;Sayur_level;Gula_level;persen_DM;persen_TB;DM_level;TB_level
Simeulue;Aceh Simeulue;ACEH;17.656;1.49;1.406;0.826;0.689;0.372;1.272;66.41;0;0;1;0;1;1;0;0;0.0963164315832281;0.133772821643372;4;4
Aceh Singkil;Aceh Singkil;ACEH;18.704;1.684;2.178;0.754;0.58;0.867;2.096;69.22;0;0;1;0;1;1;1;0;0.0742284974256925;0.129505038061847;3;4
Aceh Selatan;Aceh Selatan;ACEH;25.339;1.576;0.966;0.891;0.744;0.593;1.449;67.44;0;0;1;0;1;1;0;0;0.106635624795544;0.108334997302246;4;4
Aceh Tenggara;Aceh Tenggara;ACEH;19.116;1.236;3.453;0.883;0.514;0.449;1.861;69.44;0;0;1;0;1;1;0;1;0.0753526058704112;0.116574913787754;3;4
Aceh Timur;Aceh Timur;ACEH;17.996;2.122;2.056;0.646;0.543;0.582;1.915;67.83;0;0;1;0;1;1;1;1;0.0508317492741699;0.0548510038679415;2;2
Aceh Tengah;Aceh Tengah;ACEH;20.161;1.866;1.419;0.771;0.338;0.815;2.205;73.37;1;0;1;0;1;1;1;0;0.0881624427993675;0.0974918018257556;4;4
Aceh Barat;Aceh Barat;ACEH;29.64;1.52;1.074;1.039;0.628;0.95;1.644;71.67;1;0;1;0;1;1;0;0;0.140057454225748;0.0981424496764366;4;4
Aceh Besar;Aceh Besar;ACEH;15.26;1.503;1.38;0.626;0.46;0.46;1.349;73.58;1;0;1;0;1;0;0;0;0.117861051514463;0.069134945801774;4;3
Pidie;Pidie;ACEH;11.665;1.904;1.532;0.471;0.442;0.488;1.744;70.7;1;0;1;0;1;0;0;0;0.0632462318620461;0.0478313796519417;3;2
Bireuen;Bireuen;ACEH;14.735;1.628;1.242;0.594;0.457;0.748;1.863;72.33;1;0;1;0;1;0;0;0;0.0730255794272611;0.0557360341423021;3;2
Aceh Utara;Aceh Utara;ACEH;11.26;1.827;1.785;0.495;0.422;0.43;1.563;69.46;0;0;1;0;1;0;0;0;0.0611347149551223;0.0469610240577057;3;2
Aceh Barat Daya;Aceh Barat Daya;ACEH;21.24;1.518;0.609;0.702;0.598;0.481;1.343;66.99;0;0;1;0;1;1;0;0;0.111999789176867;0.133740924722965;4;4
Gayo Lues;Gayo Lues;ACEH;17.054;2.183;1.824;1.023;0.584;0.651;2.069;67.56;0;0;1;0;1;1;1;1;0.12463854821019;0.220360953235617;4;4
Aceh Tamiang;Aceh Tamiang;ACEH;15.164;1.994;1.972;0.739;0.449;0.512;1.787;69.48;0;0;1;0;1;0;0;1;0.0813947204885034;0.0672097484531626;4;3
Nagan Raya;Nagan Raya;ACEH;29.024;1.999;1.219;1.103;0.639;0.811;2.246;69.31;0;0;1;0;1;1;1;0;0.113518004891807;0.0912825193975354;4;4
Aceh Jaya;Aceh Jaya;ACEH;26.127;1.958;1.218;0.903;0.603;0.716;1.387;69.84;1;0;1;0;1;1;0;0;0.175400131550099;0.156763867572901;4;4
Bener Meriah;Bener Meriah;ACEH;22.858;1.953;1.928;0.703;0.374;0.927;2.352;73.27;1;0;1;0;1;1;1;0;0.0816535148409938;0.103469339416832;4;4
Pidie Jaya;Pidie Jaya;ACEH;16.865;1.981;1.929;0.596;0.498;0.579;2.065;73.6;1;0;1;0;1;1;1;1;0.101913361214509;0.103156207082979;4;4
Kota Banda Aceh;Kota Banda Aceh;ACEH;12.789;0.792;1.725;0.65;0.338;0.706;1.685;85.71;1;0;1;0;1;0;0;0;0.201073479509267;0.081979248238058;4;3
Kota Sabang;Kota Sabang;ACEH;19.436;1.132;2.099;0.726;0.317;0.588;1.934;76.11;1;0;1;0;1;1;1;0;0.311141723867658;0.201885851364511;4;4
Kota Langsa;Kota Langsa;ACEH;13.833;1.605;2.394;0.681;0.438;0.546;1.555;77.44;1;0;1;0;1;0;0;1;0.115614980704074;0.0765413992624192;4;3
Kota Lhokseumawe;Kota Lhokseumawe;ACEH;12.647;1.523;2.179;0.727;0.399;0.51;1.547;77.57;1;0;1;0;1;0;0;0;0.145622842134248;0.113321048060833;4;4
Kota Subulussalam;Kota Subulussalam;ACEH;19.477;1.394;2.862;0.874;0.621;0.897;1.817;65.27;0;0;1;0;1;1;0;1;0.0935410483526382;0.200940029794556;4;4
Nias;Nias;SUMATERA UTARA;7.186;0.951;2.526;0.713;0.631;0.602;1.329;62.74;0;1;1;0;0;0;0;0;0.0252944533803767;0.0622632698593888;1;3
Mandailing Natal;Mandailing Natal;SUMATERA UTARA;22.054;0.748;1.066;0.433;0.788;0.436;1.738;67.19;0;1;1;0;0;1;0;0;0.0282032859916131;0.0426137240895176;1;2
Tapanuli Selatan;Tapanuli Selatan;SUMATERA UTARA;22.952;1.006;1.137;0.622;0.693;0.601;1.576;70.33;1;1;1;0;0;1;0;0;0.0244101417715339;0.0655219594920121;1;3
Tapanuli Tengah;Tapanuli Tengah;SUMATERA UTARA;18.403;1.435;2.2;0.409;0.582;0.507;1.393;69.61;1;1;1;0;0;1;0;0;0.056789674203704;0.0628545908662355;3;3
Tapanuli Utara;Tapanuli Utara;SUMATERA UTARA;20.21;2.363;3.751;0.519;0.474;0.661;1.898;73.76;1;1;1;0;0;1;0;1;0.0400585422475681;0.065292269647611;2;3
Toba Samosir;Toba Samosir;SUMATERA UTARA;18.372;2.134;3.397;0.635;0.378;0.867;1.946;75.39;1;1;1;0;0;1;1;1;0.0439737103409145;0.0765993664003026;2;3
Labuhan Batu;Labuhan Batu;SUMATERA UTARA;20.22;1.849;3.294;0.736;0.396;0.523;1.661;72.09;1;1;1;0;0;1;0;1;0.035677127971267;0.049429763893152;2;2
Asahan;Asahan;SUMATERA UTARA;18.274;2.266;3.373;0.604;0.508;0.735;2.053;70.49;1;1;1;0;0;1;1;1;0.0352118066718719;0.0295983302459213;2;1
Simalungun;Simalungun;SUMATERA UTARA;17.12;1.955;3.107;0.713;0.505;0.645;2.053;73.4;1;1;1;0;0;1;1;1;0.0281907633109325;0.031581404946268;1;1
Dairi;Dairi;SUMATERA UTARA;19.649;2.164;2.242;0.524;0.412;0.591;1.929;71.84;1;1;1;0;0;1;1;1;0.0346414451521045;0.0578416790613122;1;3
Karo;Karo;SUMATERA UTARA;21.224;1.579;2.595;0.463;0.633;0.581;2.609;74.83;1;1;1;0;0;1;1;1;0.054682496674713;0.0453224296763387;3;2
Deli Serdang;Deli Serdang;SUMATERA UTARA;14.307;1.855;3.26;0.699;0.476;0.697;2.31;75.53;1;1;1;0;0;0;1;1;0.0412583020085935;0.0180164880802697;2;1
Langkat;Langkat;SUMATERA UTARA;16.868;1.903;2.814;0.711;0.562;0.669;1.916;71.35;1;1;1;0;0;1;1;1;0.0328367610891082;0.0292946031873677;1;1
Nias Selatan;Nias Selatan;SUMATERA UTARA;7.069;1.129;3.225;0.538;0.737;0.349;1.189;62.35;0;1;1;0;0;0;0;1;0.0273713137683183;0.0246341823914864;1;1
Humbang Hasundutan;Humbang Hasundutan;SUMATERA UTARA;20.44;2.501;4.739;0.7;0.453;0.671;1.91;69.41;0;1;1;0;0;1;0;1;0.0444153886845559;0.0918250732354864;2;4
Pakpak Bharat;Pakpak Bharat;SUMATERA UTARA;21.231;2.001;1.927;0.845;0.458;0.724;2.061;67.94;0;1;1;0;0;1;1;1;0.0685883770506998;0.235424969876726;3;4
Samosir;Samosir;SUMATERA UTARA;20.295;2.252;2.789;0.645;0.388;0.781;2.076;70.83;1;1;1;0;0;1;1;1;0.0759448325273151;0.105319720580333;3;4
Serdang Bedagai;Serdang Bedagai;SUMATERA UTARA;17.55;2.136;3.041;0.825;0.491;0.779;1.939;70.56;1;1;1;0;0;1;1;1;0.0513248804191026;0.0457064763495558;2;2
Batu Bara;BatuBara;SUMATERA UTARA;20.082;1.762;3.044;0.501;0.481;0.573;1.699;68.58;0;1;1;0;0;1;0;1;0.0460440072370345;0.0517317963663153;2;2
Padang Lawas Utara;Padang Lawas Utara;SUMATERA UTARA;26.435;1.172;2.435;0.873;0.54;0.634;2.092;70.11;1;1;1;0;0;1;1;0;0.0474924367359607;0.0575892539947871;2;3
Padang Lawas;Padang Lawas;SUMATERA UTARA;30.202;0.897;1.489;0.671;0.646;0.636;1.757;68.64;0;1;1;0;0;1;0;0;0.0463681477649403;0.0693606177310264;2;3
Labuhan Batu Selatan;LabuhanBatu Selatan;SUMATERA UTARA;24.371;2.001;3.508;1.388;0.498;0.498;1.942;71.69;1;1;1;0;0;1;1;1;0.0450268608514735;0.0549638232462814;2;2
Labuhan Batu Utara;LabuhanBatu Utara;SUMATERA UTARA;20.179;2.039;2.65;0.981;0.507;0.68;1.992;71.87;1;1;1;0;0;1;1;1;0.0359217364720269;0.0517171099561806;2;2
Nias Utara;Nias Utara;SUMATERA UTARA;7.066;0.979;2.682;0.809;0.875;0.407;1.147;62.82;0;1;1;0;0;0;0;0;0.0311367566099359;0.0688983550517731;1;3
Nias Barat;Nias Barat;SUMATERA UTARA;6.445;0.885;2.269;0.698;0.549;0.401;0.986;61.99;0;1;1;0;0;0;0;0;0.0397198703877914;0.0783944810285356;2;3
Kota Sibolga;Kota Sibolga;SUMATERA UTARA;17.283;0.827;1.766;0.443;0.358;0.611;1.209;73.94;1;1;1;0;0;1;0;0;0.207778715667814;0.190463822695496;4;4
Kota Tanjung Balai;Kota Tanjung Balai;SUMATERA UTARA;19.18;2.195;2.94;0.823;0.374;0.898;1.545;68.94;0;1;1;0;0;1;0;1;0.111265646731572;0.103318100536459;4;4
Kota Pematang Siantar;Kota PematangSiantar;SUMATERA UTARA;12.027;1.622;3.085;0.647;0.38;0.822;1.899;79.17;1;1;1;0;0;0;0;1;0.0858995675528209;0.0910609149594281;4;4
Kota Tebing Tinggi;Kota Tebing Tinggi;SUMATERA UTARA;13.915;1.736;3.51;0.841;0.364;0.563;1.788;75.42;1;1;1;0;0;0;0;1;0.106291411769463;0.0958933388789722;4;4
Kota Medan;Kota Medan;SUMATERA UTARA;10.091;1.276;3.053;0.789;0.419;0.722;2.183;81.21;1;1;1;0;0;0;1;1;0.0605873502866232;0.0127237424235897;3;1
Kota Binjai;Kota Binjai;SUMATERA UTARA;9.995;1.886;2.943;0.548;0.437;0.605;2.08;76.01;1;1;1;0;0;0;1;1;0.0910899382263637;0.0736397584895124;4;3
Kota Padangsidimpuan;Kota Padang sidempuan;SUMATERA UTARA;19.857;0.768;1.581;0.495;0.484;0.659;1.73;75.48;1;1;1;0;0;1;0;0;0.0622082609040934;0.0877974746093233;3;3
Kota Gunungsitoli;Kota Gunung sitoli;SUMATERA UTARA;7.879;1.109;3.064;0.846;0.645;0.47;1.334;69.61;1;1;1;0;0;0;0;1;0.143167092232078;0.0826531666494473;4;3
Kepulauan Mentawai;Kepulauan Mentawai;SUMATERA BARAT;28.872;2.173;5.815;0.536;0.765;0.658;1.511;61.35;0;1;1;1;0;1;0;1;0.0351517762986314;0.116794611572872;2;4
Pesisir Selatan;Pesisir Selatan;SUMATERA BARAT;22.174;1.443;1.888;0.409;0.762;0.49;2.042;70.03;1;1;1;1;0;1;1;0;0.0453151758758482;0.049238567726571;2;2
Solok;Solok;SUMATERA BARAT;27.66;1.683;2.236;0.32;0.622;0.594;2.264;69.24;0;1;1;1;0;1;1;1;0.0520984531165761;0.0705013892920831;2;3
Sijunjung;Sijunjung;SUMATERA BARAT;24.701;1.209;2.076;0.428;0.633;0.512;2.042;67.86;0;1;1;1;0;1;1;0;0.0592872910753705;0.0824135393671818;3;3
Tanah Datar;Tanah Datar;SUMATERA BARAT;22.52;1.34;3.098;0.439;0.542;0.587;1.72;72.46;1;1;1;1;0;1;0;1;0.0669058079077828;0.0720110703585775;3;3
Padang Pariaman;Padang Pariaman;SUMATERA BARAT;19.357;1.29;2.471;0.473;0.747;0.465;1.82;70.76;1;1;1;1;0;1;0;0;0.0665046681161274;0.0618539920240905;3;3
Agam;Agam;SUMATERA BARAT;20.769;1.508;3.029;0.508;0.65;0.503;2.071;72.57;1;1;1;1;0;1;1;1;0.0487083784074626;0.0606022847627732;2;3
Lima Puluh Kota;Lima Puluh Kota;SUMATERA BARAT;25.7;1.246;2.552;0.402;0.613;0.651;1.591;69.68;1;1;1;1;0;1;0;0;0.0502462590089972;0.0651631171522933;2;3
Pasaman;Pasaman;SUMATERA BARAT;23.117;1.54;1.791;0.415;0.892;0.517;1.808;66.77;0;1;1;1;0;1;0;0;0.0482699607258047;0.0655092324135921;2;3
Solok Selatan;Solok Selatan;SUMATERA BARAT;28.915;1.651;2.729;0.463;0.688;0.511;2.144;69.23;0;1;1;1;0;1;1;1;0.0711629908315589;0.11750168253583;3;4
Dharmasraya;Dharmasraya;SUMATERA BARAT;26.444;1.372;2.171;0.502;0.518;0.536;2.016;71.76;1;1;1;1;0;1;1;0;0.0675700864897107;0.0862101103489412;3;3
Pasaman Barat;Pasaman Barat;SUMATERA BARAT;24.662;1.211;1.408;0.356;0.866;0.597;2.064;68.76;0;1;1;1;0;1;1;0;0.0462480142258892;0.055497617071067;2;2
Kota Padang;Kota Padang;SUMATERA BARAT;14.955;1.027;2.072;0.584;0.417;0.663;1.997;82.9;1;1;1;1;0;0;1;0;0.126666843052175;0.033292764666455;4;2
Kota Solok;Kota Solok;SUMATERA BARAT;19.828;0.972;1.619;0.504;0.445;0.823;1.889;78.41;1;1;1;1;0;1;0;0;0.148367952522255;0.15646074993256;4;4
Kota Sawah Lunto;Kota SawahLunto;SUMATERA BARAT;17.668;1.076;2.505;0.563;0.517;0.543;2.056;72.88;1;1;1;1;0;1;1;0;0.181325021354393;0.178327913563411;4;4
Kota Padang Panjang;Kota Padang Panjang;SUMATERA BARAT;17.368;0.767;2.835;0.532;0.396;0.725;1.558;77.97;1;1;1;1;0;1;0;0;0.235881781601221;0.227209657277647;4;4
Kota Bukittinggi;Kota Bukittinggi;SUMATERA BARAT;16.845;0.915;2.914;0.557;0.459;0.57;1.486;80.7;1;1;1;1;0;1;0;0;0.10533191802074;0.133910345390708;4;4
Kota Payakumbuh;Kota Payakumbuh;SUMATERA BARAT;20.763;0.891;2.334;0.55;0.451;0.683;1.428;79.08;1;1;1;1;0;1;0;0;0.108132267389471;0.104527858476488;4;4
Kota Pariaman;Kota Pariaman;SUMATERA BARAT;14.856;0.874;2.303;0.532;0.552;0.636;1.606;77.07;1;1;1;1;0;0;0;0;0.185578511510159;0.192014760464268;4;4
Kuantan Singingi;Kuantan Singingi;RIAU;23.811;1.975;2.578;0.745;0.727;0.566;2.084;70.6;1;0;1;0;1;1;1;1;0.0542046224497478;0.0644432733569224;3;3
Indragiri Hulu;Indragiri Hulu;RIAU;24.07;1.483;3.008;0.787;0.416;0.458;1.835;70.01;1;0;1;0;1;1;0;1;0.0405088281308202;0.0526149146986516;2;2
Indragiri Hilir;Indragiri Hilir;RIAU;26.349;2.541;5.697;1.23;0.412;0.547;1.65;66.63;0;0;1;0;1;1;0;1;0.0349338569689854;0.0333387036827304;2;2
Pelalawan;Pelalawan;RIAU;24.193;1.92;3.595;0.945;0.61;0.633;1.954;72.08;1;0;1;0;1;1;1;1;0.0480616052576156;0.0550818397334471;2;2
Siak;Siak;RIAU;19.528;1.707;2.83;0.721;0.488;0.603;2.162;73.98;1;0;1;0;1;1;1;1;0.0570366647576526;0.0549328533526572;3;2
Kampar;Kampar;RIAU;24.975;1.611;3.099;0.77;0.584;0.599;2.363;73.02;1;0;1;0;1;1;1;1;0.0487474827119583;0.0387582444513111;2;2
Rokan Hulu;Rokan Hulu;RIAU;27.516;1.802;3.445;0.642;0.613;0.545;2.005;69.67;1;0;1;0;1;1;1;1;0.0349882475373657;0.0376796511940861;2;2
Bengkalis;Bengkalis;RIAU;22.622;1.923;3.525;0.81;0.571;0.547;1.752;73.58;1;0;1;0;1;1;0;1;0.0622424333706546;0.0484511070261364;3;2
Rokan Hilir;Rokan Hilir;RIAU;23.398;1.982;4.337;1.079;0.549;0.662;1.996;69.34;0;0;1;0;1;1;1;1;0.0239136482849382;0.0320411627347211;1;1
Kepulauan Meranti;Kepulauan Meranti;RIAU;25.383;2.423;2.5;1.033;0.563;0.369;1.498;65.7;0;0;1;0;1;1;0;1;0.0636342323462851;0.0794231772141603;3;3
Kota Pekanbaru;Kota Pekanbaru;RIAU;13.422;1.052;2.893;0.726;0.441;0.685;1.726;81.58;1;0;1;0;1;0;0;1;0.0833007639570692;0.0320629355608342;4;1
Kota Dumai;Kota Dumai;RIAU;21.527;1.615;2.944;0.855;0.519;0.612;2.079;74.75;1;0;1;0;1;1;1;1;0.0848196169479573;0.0791649758180935;4;3
Kerinci;Kerinci;JAMBI;24.288;1.326;1.899;0.461;0.519;0.78;2.468;71.45;1;0;0;0;0;1;1;0;0.0447090188026262;0.0741010589413898;2;3
Merangin;Merangin;JAMBI;22.559;1.264;1.735;0.62;0.373;0.5;2.064;69.53;0;0;0;0;0;1;1;0;0.0456141684624809;0.0570177105781011;2;3
Sarolangun;Sarolangun;JAMBI;23.359;1.742;2.223;0.781;0.442;0.523;1.991;70.25;1;0;0;0;0;1;1;1;0.0465972595597699;0.0566987633804194;2;2
Batang Hari;BatangHari;JAMBI;20.826;1.921;2.466;0.809;0.388;0.546;1.673;70.11;1;0;0;0;0;1;0;1;0.0508565222669541;0.0597154003392622;2;3
Muaro Jambi;Muaro Jambi;JAMBI;18.456;2.271;3.59;1.119;0.451;0.744;2.414;69.55;0;0;0;0;0;1;1;1;0.0481333293222226;0.0544234803131948;2;2
Tanjung Jabung Timur;Tanjung Jabung Timur;JAMBI;22.834;2.396;3.501;1.158;0.474;0.755;2.138;64.91;0;0;0;0;0;1;1;1;0.036456914954363;0.0535872725835215;2;2
Tanjung Jabung Barat;Tanjung Jabung Barat;JAMBI;22.373;1.899;3.15;1.045;0.397;0.614;1.872;68.16;0;0;0;0;0;1;0;1;0.0504052772133709;0.0432045233257465;2;2
Tebo;Tebo;JAMBI;24.29;1.856;2.202;0.976;0.523;0.687;2.002;69.35;0;0;0;0;0;1;1;1;0.0401542413300556;0.0542542039345026;2;2
Bungo;Bungo;JAMBI;24.405;1.585;2.865;0.92;0.475;0.577;2.091;70.15;1;0;0;0;0;1;1;1;0.0463181470395961;0.0536469677737095;2;2
Kota Jambi;Kota Jambi;JAMBI;15.093;1.268;2.351;0.973;0.39;0.706;2.003;79.12;1;0;0;0;0;0;1;0;0.0852722621512974;0.042717342753888;4;2
Kota Sungai Penuh;Kota Sungai Penuh;JAMBI;24.39;1.394;2.004;0.475;0.517;0.584;1.968;75.7;1;0;0;0;0;1;1;0;0.0724386008434632;0.121061771272637;3;4
Ogan Komering Ulu;Ogan Komering Ulu;SUMATERA SELATAN;20.989;1.691;1.974;1.199;0.29;0.629;1.91;69.6;0;0;0;1;1;1;0;0;0.0363285741990642;0.0570877594556723;2;3
Ogan Komering Ilir;Ogan Komering Ilir;SUMATERA SELATAN;19.586;2.209;2.238;1.535;0.375;0.78;2.439;67.17;0;0;0;1;1;1;1;1;0.0174147943477337;0.0259165049741863;1;1
Muara Enim;Lematang Ilir Ogan Tengah (Muara Enim);SUMATERA SELATAN;22.1;2.124;2.106;1.562;0.27;0.446;1.883;68.86;0;0;0;1;1;1;0;1;0.0397307293007219;0.0499225250778636;2;2
Lahat;Lahat;SUMATERA SELATAN;20.822;1.971;1.63;1.123;0.296;0.53;2.232;67.58;0;0;0;1;1;1;1;0;0.047745468216972;0.0551264101635571;2;2
Musi Rawas;Musi Rawas;SUMATERA SELATAN;21.017;2.123;1.158;0.959;0.354;0.572;2.256;67.01;0;0;0;1;1;1;1;0;0.039743653435342;0.0526603408018282;2;2
Musi Banyuasin;Musi Banyuasin;SUMATERA SELATAN;20.755;1.948;1.92;1.419;0.341;0.555;2.137;68.1;0;0;0;1;1;1;1;0;0.0341500896439853;0.0461026210193802;1;2
Banyuasin;Banyuasin;SUMATERA SELATAN;20.042;1.895;2.588;1.574;0.347;0.739;2.091;67.13;0;0;0;1;1;1;1;1;0.0272219786067274;0.0252511566261499;1;1
Ogan Komering Ulu Selatan;Ogan Komering Ulu Selatan;SUMATERA SELATAN;23.21;2.215;1.192;0.817;0.285;0.437;1.972;65.34;0;0;0;1;1;1;1;0;0.0197539429592852;0.0354125562806698;1;2
Ogan Komering Ulu Timur;Ogan Komering Ulu Timur;SUMATERA SELATAN;17.611;1.882;1.354;0.858;0.445;0.678;2.533;69.58;0;0;0;1;1;1;1;0;0.0316785083948047;0.0248122307131722;1;1
Ogan Ilir;Ogan Ilir;SUMATERA SELATAN;19.853;2.767;1.28;1.468;0.274;0.706;1.626;67.17;0;0;0;1;1;1;0;1;0.0346382003638222;0.0421471808622732;1;2
Empat Lawang;Empat Lawang;SUMATERA SELATAN;23.528;2.037;0.941;1.12;0.341;0.598;2.065;65.39;0;0;0;1;1;1;1;0;0.0237094837935174;0.0567226890756303;1;3
Penukal Abab Lematang Ilir;Penukal Abab Lematang Ilir;SUMATERA SELATAN;19.618;2.162;2.035;1.661;0.26;0.529;1.894;64.88;0;0;0;1;1;1;0;1;0.0495780358283939;0.0683075160302316;2;3
Musi Rawas Utara;Musi Rawas Utara;SUMATERA SELATAN;18.748;2.184;1.306;1.003;0.326;0.571;1.807;64.93;0;0;0;1;1;1;0;0;0.0399709302325581;0.0799418604651163;2;3
Kota Palembang;Kota Palembang;SUMATERA SELATAN;11.413;1.644;2.403;1.422;0.28;0.732;1.886;78.72;1;0;0;1;1;0;0;1;0.0672790900054343;0.0194967004155582;3;1
Kota Prabumulih;Kota Prabumulih;SUMATERA SELATAN;13.131;1.54;1.39;1.511;0.242;0.593;1.742;74.67;1;0;0;1;1;0;0;0;0.0953974553876606;0.0734611421167012;4;3
Kota Pagar Alam;Kota Pagar Alam;SUMATERA SELATAN;22.629;1.924;1.645;0.992;0.282;0.479;2.237;68.68;0;0;0;1;1;1;1;0;0.0623663578047042;0.102801688689073;3;4
Kota Lubuklinggau;Kota Lubuklinggau;SUMATERA SELATAN;15.785;1.559;1.644;1.143;0.308;0.614;2.004;74.89;1;0;0;1;1;0;1;0;0.0937356301510382;0.0769339605956634;4;3
Bengkulu Selatan;Bengkulu Selatan;BENGKULU;21.718;1.154;0.802;0.733;0.904;0.65;1.735;70.75;1;0;0;0;0;1;0;0;0.0763602784486433;0.088199081308898;3;3
Rejang Lebong;Rejang Lebong;BENGKULU;21.544;1.464;1.71;0.912;0.352;0.62;1.931;70.77;1;0;0;0;0;1;1;0;0.0529638271375199;0.0654890565281496;3;3
Bengkulu Utara;Bengkulu Utara;BENGKULU;24.193;1.752;1.532;0.808;0.586;0.695;2.119;69.28;0;0;0;0;0;1;1;0;0.0668177938233771;0.057372346528973;3;3
Kaur;Kaur;BENGKULU;28.258;1.582;0.994;0.756;0.885;0.577;1.882;67.17;0;0;0;0;0;1;0;0;0.0299387407305053;0.0913515422289776;1;4
Seluma;Seluma;BENGKULU;25.717;1.553;1.197;0.789;0.802;0.586;1.826;67.03;0;0;0;0;0;1;0;0;0.0536806565991891;0.0649818474621763;3;3
Mukomuko;Mukomuko;BENGKULU;26.419;1.546;2.552;0.608;0.561;0.589;1.957;68.64;0;0;0;0;0;1;1;1;0.0630696837740899;0.0954271737103621;3;4
Lebong;Lebong;BENGKULU;34.554;1.739;1.907;0.531;0.435;0.605;1.99;67.46;0;0;0;0;0;1;1;0;0.0690820489362298;0.122293897441164;3;4
Kepahiang;Kepahiang;BENGKULU;21.067;1.484;0.992;0.714;0.425;0.627;2.043;68.62;0;0;0;0;0;1;1;0;0.0534011946045015;0.0830685249403357;3;3
Bengkulu Tengah;Bengkulu Tengah;BENGKULU;23.736;1.549;0.895;0.647;0.534;0.565;1.92;67.96;0;0;0;0;0;1;1;0;0.0797944634918408;0.130652473189937;3;4
Kota Bengkulu;Kota Bengkulu;BENGKULU;18.103;1.089;1.54;0.786;0.4;0.647;1.947;80.54;1;0;0;0;0;1;1;0;0.0830764817786485;0.0695461101534615;4;3
Lampung Barat;Lampung Barat;LAMPUNG;15.443;1.837;1.428;0.717;0.37;0.596;2.662;67.9;0;1;0;0;1;0;1;0;0.0265228538590752;0.0478066254743825;1;2
Tanggamus;Tanggamus;LAMPUNG;19.73;1.538;1.047;0.716;0.411;0.708;2.392;66.65;0;1;0;0;1;1;1;0;0.0245757590277273;0.0329222432258234;1;2
Lampung Selatan;Lampung Selatan;LAMPUNG;19.703;1.545;1.651;0.894;0.445;0.592;2.295;68.49;0;1;0;0;1;1;1;0;0.0258474369394337;0.0220181870224806;1;1
Lampung Timur;Lampung Timur;LAMPUNG;19.51;1.561;0.974;0.659;0.491;0.667;2.857;69.66;1;1;0;0;1;1;1;0;0.0286837456696007;0.0206665496749918;1;1
Lampung Tengah;Lampung Tengah;LAMPUNG;17.189;1.602;1.3;0.726;0.497;0.611;2.408;70.23;1;1;0;0;1;1;1;0;0.0265402484221416;0.0168584741252889;1;1
Lampung Utara;Lampung Utara;LAMPUNG;18.541;1.717;1.403;0.865;0.367;0.441;2.371;67.89;0;1;0;0;1;1;1;0;0.0329123563311112;0.0327510212510567;1;2
Way Kanan;Way Kanan;LAMPUNG;19.987;1.841;1.597;0.805;0.403;0.71;2.217;67.57;0;1;0;0;1;1;1;0;0.0270907097765961;0.0361209463687949;1;2
Tulangbawang;Tulang bawang;LAMPUNG;19.985;1.225;1.288;0.686;0.352;0.586;2.33;68.73;0;1;0;0;1;1;1;0;0.0473764970148093;0.0374769304744014;2;2
Pesawaran;Pesawaran;LAMPUNG;20.822;1.589;1.187;0.577;0.452;0.665;2.653;66.14;0;1;0;0;1;1;1;0;0.0307194089189345;0.0437999314263517;1;2
Pringsewu;Pringsewu;LAMPUNG;19.425;1.549;1.381;0.62;0.461;0.706;2.529;70.45;1;1;0;0;1;1;1;0;0.0392373062347583;0.0394856436159909;2;2
Mesuji;Mesuji;LAMPUNG;20.246;1.531;1.092;0.703;0.418;0.532;2.321;64.04;0;1;0;0;1;1;1;0;0.0305267366918476;0.053314300701255;1;2
Tulang Bawang Barat;Tulang Bawang Barat;LAMPUNG;20.793;1.537;0.798;0.633;0.359;0.415;2.33;66.22;0;1;0;0;1;1;1;0;0.0603432293806095;0.050891880200514;3;2
Pesisir Barat;Pesisir Barat;LAMPUNG;24.91;1.565;1.51;0.765;0.627;0.569;2.068;64.3;0;1;0;0;1;1;1;0;0.0486982581007679;0.0636823375163888;2;3
Kota Bandar Lampung;Kota Bandar Lampung;LAMPUNG;16.152;1.266;2.333;0.92;0.331;0.575;2.01;77.58;1;1;0;0;1;0;1;0;0.0494400596323181;0.022226898603931;2;1
Kota Metro;Kota Metro;LAMPUNG;18.547;0.967;1.874;0.866;0.392;0.677;1.976;77.49;1;1;0;0;1;1;1;0;0.154890840238638;0.0901075990741886;4;4
Bangka;Bangka;KEPULAUAN BANGKA BELITUNG;20.918;1.705;2.171;1.093;0.246;0.695;1.964;72.46;1;0;1;1;1;1;1;0;0.102194830513804;0.0534557574995283;4;2
Belitung;Belitung;KEPULAUAN BANGKA BELITUNG;20.493;1.243;3.279;1.051;0.382;0.549;1.69;72.57;1;0;1;1;1;1;0;1;0.0954270214624046;0.0971620582162665;4;4
Bangka Barat;Bangka Barat;KEPULAUAN BANGKA BELITUNG;22.887;2.018;3.552;1.291;0.29;0.695;1.578;69.6;0;0;1;1;1;1;0;1;0.0913744535201882;0.0721908665932979;4;3
Bangka Tengah;Bangka Tengah;KEPULAUAN BANGKA BELITUNG;25.568;1.886;3.199;1.17;0.27;0.689;1.932;70.89;1;0;1;1;1;1;1;1;0.0839960586464789;0.0926110390204767;4;4
Bangka Selatan;Bangka Selatan;KEPULAUAN BANGKA BELITUNG;27.213;1.409;2.987;1.24;0.268;0.555;1.593;67.06;0;0;1;1;1;1;0;1;0.0781982241793346;0.0831896001907815;3;3
Belitung Timur;Belitung Timur;KEPULAUAN BANGKA BELITUNG;27.032;1.227;3.829;1.418;0.321;0.581;1.743;71.42;1;0;1;1;1;1;0;1;0.0865606565786099;0.107399333162349;4;4
Kota Pangkal Pinang;Kota Pangkal Pinang;KEPULAUAN BANGKA BELITUNG;15.53;1.458;2.55;1.242;0.287;0.74;2.111;78.57;1;0;1;1;1;0;1;1;0.123446438220881;0.0796578903236626;4;3
Karimun;Karimun;KEPULAUAN RIAU;20.678;1.866;3.15;1.392;0.37;0.435;1.961;71.7;1;1;1;0;0;1;1;1;0.0942355889724311;0.0717794486215539;4;3
Bintan;Bintan;KEPULAUAN RIAU;24.172;1.53;3.688;1.216;0.404;0.654;2.371;74.57;1;1;1;0;0;1;1;1;0.101854520995484;0.11082284359886;4;4
Natuna;Natuna;KEPULAUAN RIAU;25.768;1.743;3.134;1.415;0.412;0.529;1.471;73.09;1;1;1;0;0;1;0;1;0.0965935490181694;0.155283300320348;4;4
Lingga;Lingga;KEPULAUAN RIAU;20.71;2.952;3.85;1.06;0.383;0.405;1.465;65.83;0;1;1;0;0;1;0;1;0.081264555770279;0.116941677815767;4;4
Kepulauan Anambas;Kepulauan Anambas;KEPULAUAN RIAU;28.592;2.406;3.455;1.598;0.49;0.375;1.302;69.23;0;1;1;0;0;1;0;1;0.0669966069460353;0.103736681722893;3;4
Kota Batam;Kota Batam;KEPULAUAN RIAU;17.762;1.426;3.34;1.297;0.403;0.672;2.183;81.12;1;1;1;0;0;1;1;1;0.0508328736103349;0.0278993924433277;2;1
Kota Tanjung Pinang;Kota Tanjung Pinang;KEPULAUAN RIAU;18.549;1.228;3.262;1.136;0.329;0.467;1.772;78.93;1;1;1;0;0;1;0;1;0.108935937464391;0.0920713781079788;4;4
Bogor;Bogor;JAWA BARAT;16.761;0.857;3.345;1.267;0.303;0.542;1.903;70.6;1;1;1;1;1;0;0;1;0.0328135234276215;0.00829914016651906;1;1
Sukabumi;Sukabumi;JAWA BARAT;18.12;0.993;2.846;1.112;0.286;0.645;1.863;67.07;0;1;1;1;1;1;0;0;0.0183246226394864;0.0138409383766334;1;1
Cianjur;Cianjur;JAWA BARAT;18.613;0.848;3.32;1.135;0.269;0.515;1.367;65.56;0;1;1;1;1;1;0;1;0.0145233688441367;0.0132110162377388;1;1
Bandung;Bandung;JAWA BARAT;16.986;0.784;3.555;1.449;0.281;0.526;1.336;72.73;1;1;1;1;1;1;0;1;0.0234124158968053;0.0099615327253234;1;1
Garut;Garut;JAWA BARAT;14.693;0.767;2.391;0.978;0.232;0.514;1.478;66.45;0;1;1;1;1;0;0;0;0.0153497865502539;0.0132008164332183;1;1
Tasikmalaya;Tasikmalaya;JAWA BARAT;14.168;0.761;2.11;0.972;0.262;0.542;1.523;65.9;0;1;1;1;1;0;0;0;0.0167979904915561;0.016407339549892;1;1
Ciamis;Ciamis;JAWA BARAT;16.183;0.974;2.994;1.039;0.278;0.627;1.812;70.93;1;1;1;1;1;0;0;1;0.0270025343921746;0.0239577382292587;1;1
Kuningan;Kuningan;JAWA BARAT;18.453;1.106;3.786;1.146;0.295;0.501;1.955;69.71;1;1;1;1;1;1;1;1;0.0339797202851207;0.0232537984779488;1;1
Cirebon;Cirebon;JAWA BARAT;17.765;0.844;2.771;1.116;0.221;0.524;2.122;69.12;0;1;1;1;1;1;1;0;0.0331901958450453;0.0155650573618143;1;1
Majalengka;Majalengka;JAWA BARAT;17.678;0.928;3.675;1.155;0.243;0.549;1.753;67.81;0;1;1;1;1;1;0;1;0.0301304371219283;0.021906057601402;1;1
Sumedang;Sumedang;JAWA BARAT;17.472;0.938;3.831;1.313;0.301;0.653;1.638;71.8;1;1;1;1;1;1;0;1;0.039055211050021;0.0217841288301228;2;1
Indramayu;Indramayu;JAWA BARAT;19.669;1.085;3.335;1.422;0.262;0.734;2.388;67.64;0;1;1;1;1;1;1;1;0.0169485871334935;0.0147425805542134;1;1
Subang;Subang;JAWA BARAT;19.565;0.865;3.249;1.074;0.25;0.57;1.841;69.13;0;1;1;1;1;1;0;1;0.0240808965228587;0.0177102889771289;1;1
Purwakarta;Purwakarta;JAWA BARAT;22.707;0.883;3.288;1.325;0.29;0.563;1.623;70.98;1;1;1;1;1;1;0;1;0.0457884173281137;0.0286574159259095;2;1
Karawang;Karawang;JAWA BARAT;18.264;0.68;3.817;1.164;0.237;0.469;1.818;70.94;1;1;1;1;1;1;0;1;0.0303880257365859;0.0116544985069292;1;1
Bekasi;Bekasi;JAWA BARAT;13.895;0.806;4.158;1.231;0.289;0.535;2.053;74.45;1;1;1;1;1;0;1;1;0.0426671225824932;0.0103855825618195;2;1
Bandung Barat;Bandung Barat;JAWA BARAT;16.203;0.793;3.533;1.072;0.27;0.661;1.932;68.29;0;1;1;1;1;0;1;1;0.029710604280011;0.0196065931078615;1;1
Pangandaran;Pangandaran;JAWA BARAT;18.22;0.983;3.335;0.94;0.335;0.681;1.849;68.28;0;1;1;1;1;1;0;1;0.030760857991316;0.0480342628633626;1;2
Kota Bogor;Kota Bogor;JAWA BARAT;14.066;0.581;3.251;1.102;0.318;0.503;1.698;76.59;1;1;1;1;1;0;0;0;0.0661291235923567;0.0247624294438723;3;1
Kota Sukabumi;Kota Sukabumi;JAWA BARAT;15.984;0.686;3.272;1.226;0.275;0.603;1.579;74.6;1;1;1;1;1;0;0;1;0.0465342069508317;0.0574496382109034;2;3
Kota Bandung;Kota Bandung;JAWA BARAT;14.414;0.757;4.244;1.41;0.295;0.667;1.456;81.96;1;1;1;1;1;0;0;1;0.0575406401031517;0.0133721205873522;3;1
Kota Cirebon;Kota Cirebon;JAWA BARAT;11.72;0.798;3.177;1.144;0.243;0.583;1.89;75.25;1;1;1;1;1;0;0;1;0.0977600579493356;0.0594805171860415;4;3
Kota Bekasi;Kota Bekasi;JAWA BARAT;11.869;0.904;3.591;1.185;0.301;0.733;2.303;81.95;1;1;1;1;1;0;1;1;0.0626665219465942;0.0114274245902613;3;1
Kota Depok;Kota Depok;JAWA BARAT;12;0.725;3.773;1.108;0.312;0.643;2.101;81.37;1;1;1;1;1;0;1;1;0.0670670530132114;0.015011788033553;3;1
Kota Cimahi;Kota Cimahi;JAWA BARAT;15.01;0.886;3.807;1.278;0.268;0.667;1.835;78.06;1;1;1;1;1;0;0;1;0.0742974361948115;0.036967504838394;3;2
Kota Tasikmalaya;Kota Tasikmalaya;JAWA BARAT;14.48;0.436;2.823;1.203;0.229;0.704;1.367;73.31;1;1;1;1;1;0;0;0;0.0374836708262352;0.0313296353174503;2;1
Kota Banjar;Kota Banjar;JAWA BARAT;15.088;1.012;3.193;1.236;0.269;0.948;1.812;71.92;1;1;1;1;1;0;0;1;0.073134342912307;0.0853234000643582;3;3
Cilacap;Cilacap;JAWA TENGAH;14.381;1.578;2.505;0.736;0.336;0.531;2.27;70.42;1;1;1;1;1;0;1;1;0.0321198755199405;0.0151792314957138;1;1
Banyumas;Banyumas;JAWA TENGAH;12.64;1.31;2.279;0.823;0.329;0.652;2.21;72.44;1;1;1;1;1;0;1;0;0.0480781043043584;0.0164169136649029;2;1
Purbalingga;Purbalingga;JAWA TENGAH;14.251;1.489;2.573;0.715;0.303;0.496;2.069;69.15;0;1;1;1;1;0;1;1;0.0324528007067499;0.0263428598329482;1;1
Banjarnegara;Banjarnegara;JAWA TENGAH;13.625;2.115;2.35;0.748;0.392;0.628;2.114;67.86;0;1;1;1;1;0;1;1;0.030852370424957;0.0241709653647752;1;1
Kebumen;Kebumen;JAWA TENGAH;9.048;1.797;1.806;0.712;0.377;0.667;2.165;70.05;1;1;1;1;1;0;1;0;0.0414989567523133;0.0199194992411104;2;1
Purworejo;Purworejo;JAWA TENGAH;10.882;1.853;1.803;0.645;0.455;0.67;2.243;72.98;1;1;1;1;1;0;1;0;0.0696179101234044;0.0290601076740163;3;1
Wonosobo;Wonosobo;JAWA TENGAH;9.006;1.866;1.603;0.772;0.425;0.711;1.958;68.43;0;1;1;1;1;0;1;0;0.03012440473157;0.0323893975685302;1;2
Magelang;Magelang;JAWA TENGAH;10.521;1.99;1.627;0.729;0.41;0.536;2.27;70.12;1;1;1;1;1;0;1;0;0.0468781547025519;0.0246767844061288;2;1
Boyolali;Boyolali;JAWA TENGAH;12.4;2.198;1.557;0.772;0.351;0.536;2.288;74.4;1;1;1;1;1;0;1;0;0.0616047466076985;0.0271897492743855;3;1
Klaten;Klaten;JAWA TENGAH;11.103;2.032;2.346;0.807;0.273;0.549;2.316;76.12;1;1;1;1;1;0;1;1;0.0720711162307791;0.0222048759785681;3;1
Sukoharjo;Sukoharjo;JAWA TENGAH;9.298;1.904;2.218;0.603;0.292;0.572;2.304;77.13;1;1;1;1;1;0;1;1;0.0817794680345335;0.0280355086893455;4;1
Wonogiri;Wonogiri;JAWA TENGAH;13.053;2.219;1.069;0.639;0.479;0.605;2.678;70.49;1;1;1;1;1;0;1;0;0.0414867909185323;0.0202374589846499;2;1
Karanganyar;Karanganyar;JAWA TENGAH;10.691;2.271;2.073;0.717;0.329;0.532;2.503;75.99;1;1;1;1;1;0;1;1;0.0736953916607505;0.0273386130354397;3;1
Sragen;Sragen;JAWA TENGAH;10.664;2.695;1.837;0.941;0.36;0.664;2.762;74.08;1;1;1;1;1;0;1;1;0.055303783683775;0.026344711500271;3;1
Grobogan;Grobogan;JAWA TENGAH;15.921;1.415;1.75;0.798;0.326;0.583;2.885;70.41;1;1;1;1;1;0;1;0;0.0401234714827527;0.0189736415994712;2;1
Blora;Blora;JAWA TENGAH;16.727;1.233;1.95;0.825;0.337;0.579;2.226;69.37;0;1;1;1;1;0;1;0;0.0428839750231319;0.0287001279870572;2;1
Rembang;Rembang;JAWA TENGAH;17.346;1.288;1.785;0.752;0.371;0.581;2.22;70.43;1;1;1;1;1;1;1;0;0.0571294043788747;0.0326453739307855;3;2
Pati;Pati;JAWA TENGAH;14.755;1.279;2.575;0.816;0.317;0.681;2.417;72.28;1;1;1;1;1;0;1;0;0.0569613933377107;0.0192140689346328;3;1
Kudus;Kudus;JAWA TENGAH;12.252;1.549;2.672;0.748;0.297;0.569;2.416;75.16;1;1;1;1;1;0;1;1;0.0968025985083069;0.030440335193576;4;1
Jepara;Jepara;JAWA TENGAH;16.388;1.665;2.327;0.902;0.304;0.528;2.392;72.36;1;1;1;1;1;0;1;1;0.0600737544161361;0.0222121444899999;3;1
Demak;Demak;JAWA TENGAH;16.357;1.272;2.736;0.952;0.298;0.55;2.473;72.57;1;1;1;1;1;0;1;1;0.0605337900830388;0.024022721852438;3;1
Semarang;Semarang;JAWA TENGAH;11.105;2.124;2.415;0.78;0.382;0.596;2.463;74.24;1;1;1;1;1;0;1;1;0.0616415254532978;0.0263624134014104;3;1
Temanggung;Temanggung;JAWA TENGAH;4.292;2.579;1.672;0.601;0.34;0.439;2.061;69.88;1;1;1;1;1;0;1;1;0.0410382162055356;0.0286254224149724;2;1
Kendal;Kendal;JAWA TENGAH;8.814;1.772;2.57;0.814;0.268;0.571;2.639;72.5;1;1;1;1;1;0;1;1;0.0484652023819455;0.0267154496736544;2;1
Batang;Batang;JAWA TENGAH;12.274;1.716;2.453;0.707;0.299;0.494;2.3;68.92;0;1;1;1;1;0;1;1;0.0447234536613222;0.029436623455051;2;1
Pekalongan;Pekalongan;JAWA TENGAH;12.655;1.787;1.56;0.847;0.261;0.484;1.982;70.11;1;1;1;1;1;0;1;0;0.0402590454086293;0.0272247852763316;2;1
Pemalang;Pemalang;JAWA TENGAH;13.813;1.243;1.79;0.897;0.25;0.543;2.027;66.56;0;1;1;1;1;0;1;0;0.0304636650338858;0.0193920687109978;1;1
Tegal;Tegal;JAWA TENGAH;12.775;1.293;1.66;0.908;0.262;0.551;1.934;68.79;0;1;1;1;1;0;1;0;0.0381083208273782;0.0224692276905145;2;1
Brebes;Brebes;JAWA TENGAH;18.802;1.011;2.095;0.956;0.217;0.468;2.078;66.32;0;1;1;1;1;1;1;0;0.0247142995685947;0.015276982644722;1;1
Kota Magelang;Kota Magelang;JAWA TENGAH;9.029;1.458;2.478;0.721;0.278;0.631;1.995;79.43;1;1;1;1;1;0;1;1;0.197607184597404;0.126099526357877;4;4
Kota Surakarta;Kota Surakarta/Solo;JAWA TENGAH;8.659;1.233;1.934;0.579;0.261;0.628;2.348;82.62;1;1;1;1;1;0;1;0;0.141120581249127;0.0398211541148526;4;2
Kota Salatiga;Kota Salatiga;JAWA TENGAH;10.593;1.72;2.661;0.778;0.359;0.77;2.028;83.6;1;1;1;1;1;0;1;1;0.143069586175068;0.0723039844110558;4;3
Kota Semarang;Kota Semarang;JAWA TENGAH;9.667;1.417;3.178;0.955;0.313;0.595;2.392;83.55;1;1;1;1;1;0;1;1;0.157329564128859;0.0166429295387454;4;1
Kota Pekalongan;Kota Pekalongan;JAWA TENGAH;10.187;1.55;2.272;0.784;0.231;0.449;1.939;75.4;1;1;1;1;1;0;1;0;0.104032039315176;0.067014503853334;4;3
Kota Tegal;Kota Tegal;JAWA TENGAH;13.179;1.241;1.937;0.946;0.213;0.519;1.912;75.52;1;1;1;1;1;0;1;0;0.0886146000434317;0.0714520885725694;4;3
Kulon Progo;Kulon Progo;DAERAH ISTIMEWA YOGYAKARTA;8.217;1.832;1.347;0.725;0.458;0.733;2.139;74.71;1;1;1;1;1;0;1;0;0.0816542022831857;0.0375833040645896;4;2
Bantul;Bantul;DAERAH ISTIMEWA YOGYAKARTA;10.736;2.111;1.868;0.831;0.379;0.64;2.266;80.28;1;1;1;1;1;0;1;1;0.10386687270808;0.0309908286186023;4;1
Gunung Kidul;Gunung Kidul;DAERAH ISTIMEWA YOGYAKARTA;9.586;2.008;1.018;0.715;0.473;0.558;2.379;70.16;1;1;1;1;1;0;1;0;0.0590743543134038;0.023942029060939;3;1
Sleman;Sleman;DAERAH ISTIMEWA YOGYAKARTA;10.898;1.842;2.423;0.887;0.348;0.829;2.361;84;1;1;1;1;1;0;1;1;0.116255942359463;0.0253055103449113;4;1
Kota Yogyakarta;Kota Yogyakarta;DAERAH ISTIMEWA YOGYAKARTA;8.333;1.262;1.796;0.826;0.233;0.627;1.883;87.18;1;1;1;1;1;0;0;0;0.172629308781609;0.0449706602708394;4;2
Pacitan;Pacitan;JAWA TIMUR;7.551;1.676;1.724;0.673;0.63;0.605;2.341;68.57;0;1;1;1;1;0;1;0;0.0425383812212383;0.0306007327362267;2;1
Ponorogo;Ponorogo;JAWA TIMUR;10.13;1.475;1.326;0.585;0.482;0.609;2.525;71.06;1;1;1;1;1;0;1;0;0.0466261677218723;0.0276035183630597;2;1
Trenggalek;Trenggalek;JAWA TIMUR;10.393;1.414;1.649;0.524;0.869;0.64;2.524;70.06;1;1;1;1;1;0;1;0;0.0456122849087354;0.0264071123155837;2;1
Tulungagung;Tulungagung;JAWA TIMUR;12.144;1.53;1.963;0.754;0.654;0.811;3.17;73.15;1;1;1;1;1;0;1;0;0.056875535727241;0.0214066976989143;3;1
Blitar;Blitar;JAWA TIMUR;11.805;1.623;2.572;0.654;0.735;0.619;2.486;71.05;1;1;1;1;1;0;1;1;0.0327017703256404;0.0170758012537827;1;1
Kediri;Kediri;JAWA TIMUR;14.608;1.642;2.295;0.591;0.453;0.655;2.595;72.56;1;1;1;1;1;0;1;1;0.0530864651834228;0.0216568647736918;3;1
Malang;Malang;JAWA TIMUR;18.415;1.803;2.078;0.689;0.389;0.554;2.144;70.6;1;1;1;1;1;1;1;0;0.0473548538331866;0.0123500200196184;2;1
Lumajang;Lumajang;JAWA TIMUR;9.766;2.06;1.773;1.001;0.35;0.797;2.332;66.07;0;1;1;1;1;0;1;0;0.0313102311723952;0.0235935453027114;1;1
Jember;Jember;JAWA TIMUR;13.221;1.451;1.884;0.7;0.379;0.599;2.43;67.32;0;1;1;1;1;0;1;0;0.025160755774491;0.0116246592570516;1;1
Banyuwangi;Banyuwangi;JAWA TIMUR;15.198;0.833;2.676;0.753;0.448;0.647;2.253;71.38;1;1;1;1;1;0;1;0;0.0332822547152248;0.0174144671831813;1;1
Bondowoso;Bondowoso;JAWA TIMUR;14.814;1.553;1.205;0.592;0.274;0.427;1.664;66.59;0;1;1;1;1;0;0;0;0.0288890647353699;0.0326572036138964;1;2
Situbondo;Situbondo;JAWA TIMUR;18.229;1.685;1.149;0.696;0.289;0.49;1.807;67.78;0;1;1;1;1;1;0;0;0.0342082033010916;0.0331935532031779;1;2
Probolinggo;Probolinggo;JAWA TIMUR;11.177;1.808;1.546;0.824;0.261;0.329;1.628;66.26;0;1;1;1;1;0;0;0;0.0271028942019166;0.0241990126802826;1;1
Pasuruan;Pasuruan;JAWA TIMUR;16.787;2.166;1.753;0.819;0.274;0.564;1.999;68.93;0;1;1;1;1;1;1;1;0.0462909676636206;0.0185541242673479;2;1
Sidoarjo;Sidoarjo;JAWA TIMUR;11.632;1.667;1.961;0.85;0.314;0.616;2.058;80.65;1;1;1;1;1;0;1;0;0.097762845416093;0.0156232446709844;4;1
Mojokerto;Mojokerto;JAWA TIMUR;15.727;1.707;2.022;0.717;0.295;0.71;2.336;74.15;1;1;1;1;1;0;1;0;0.0847451648518326;0.0261025689866207;4;1
Jombang;Jombang;JAWA TIMUR;14.919;1.659;1.934;0.688;0.369;0.673;2.216;73.45;1;1;1;1;1;0;1;0;0.0589786833120935;0.0211278068067373;3;1
Nganjuk;Nganjuk;JAWA TIMUR;15.818;1.673;1.619;0.611;0.407;0.538;2.604;71.97;1;1;1;1;1;0;1;0;0.0363552560589116;0.0214379888308078;2;1
Madiun;Madiun;JAWA TIMUR;11.914;1.776;1.613;0.616;0.353;0.536;2.266;71.88;1;1;1;1;1;0;1;0;0.0725214682313073;0.0336467440407729;3;2
Magetan;Magetan;JAWA TIMUR;12.346;1.897;1.304;0.645;0.398;0.58;2.539;74.15;1;1;1;1;1;0;1;0;0.081851627411392;0.0380538267789805;4;2
Ngawi;Ngawi;JAWA TIMUR;13.596;1.984;1.81;0.738;0.323;0.626;2.354;71.04;1;1;1;1;1;0;1;0;0.0572504194884384;0.028570266923213;3;1
Bojonegoro;Bojonegoro;JAWA TIMUR;16.224;1.438;1.417;0.623;0.415;0.534;2.177;69.59;0;1;1;1;1;0;1;0;0.03215202197155;0.0193062374922625;1;1
Tuban;Tuban;JAWA TIMUR;13.223;1.193;1.633;0.574;0.342;0.711;2.171;68.91;0;1;1;1;1;0;1;0;0.0386802752911559;0.0210757910240272;2;1
Lamongan;Lamongan;JAWA TIMUR;15.863;1.516;1.608;0.804;0.306;0.629;2.047;73.12;1;1;1;1;1;0;1;0;0.043094129264858;0.0219122691177244;2;1
Gresik;Gresik;JAWA TIMUR;13.876;1.323;2.017;0.791;0.306;0.664;2.093;76.5;1;1;1;1;1;0;1;0;0.080436290212248;0.0205218687638287;4;1
Bangkalan;Bangkalan;JAWA TIMUR;22.108;1.186;1.333;0.75;0.268;0.415;1.743;64.36;0;1;1;1;1;1;0;0;0.0299228995942231;0.0239569632265275;1;1
Sampang;Sampang;JAWA TIMUR;23.524;1.099;0.961;0.701;0.251;0.236;1.658;62.8;0;1;1;1;1;1;0;0;0.0298324488478382;0.0305316468677094;1;1
Pamekasan;Pamekasan;JAWA TIMUR;21.661;0.943;0.577;0.598;0.261;0.306;1.488;66.4;0;1;1;1;1;1;0;0;0.0326295538848577;0.0280201745256585;1;1
Sumenep;Sumenep;JAWA TIMUR;27.57;1.777;1.5;0.821;0.347;0.749;1.898;67.04;0;1;1;1;1;1;0;0;0.0272545655807472;0.022932644177975;1;1
Kota Kediri;Kota Kediri;JAWA TIMUR;11.337;1.344;2.124;0.625;0.353;0.665;2.136;78.6;1;1;1;1;1;0;1;0;0.116917602064294;0.0548796907648729;4;2
Kota Blitar;Kota Blitar;JAWA TIMUR;11.474;1.369;3.11;0.747;0.42;0.676;2.252;78.98;1;1;1;1;1;0;1;1;0.107325437398787;0.0749372876512241;4;3
Kota Malang;Kota Malang;JAWA TIMUR;12.851;1.332;2.62;0.79;0.315;0.657;2.25;82.04;1;1;1;1;1;0;1;1;0.109266652658121;0.0309355373444468;4;1
Kota Probolinggo;Kota Probolinggo;JAWA TIMUR;9.812;1.393;2.27;0.657;0.262;0.476;1.413;73.66;1;1;1;1;1;0;0;0;0.109129835347237;0.0749746960400865;4;3
Kota Pasuruan;Kota Pasuruan;JAWA TIMUR;12.797;1.446;2.361;0.812;0.24;0.535;1.762;75.62;1;1;1;1;1;0;0;0;0.110685155363005;0.0902582811972999;4;4
Kota Mojokerto;Kota Mojokerto;JAWA TIMUR;10.334;1.144;1.715;0.751;0.279;0.524;1.889;78.43;1;1;1;1;1;0;0;0;0.232264579651603;0.157968766905904;4;4
Kota Madiun;Kota Madiun;JAWA TIMUR;9.755;1.354;2.053;0.673;0.305;0.84;2.081;81.25;1;1;1;1;1;0;1;0;0.199421097977715;0.0866416906262403;4;3
Kota Surabaya;Kota Surabaya;JAWA TIMUR;11.406;1.357;2.962;0.886;0.335;0.656;2.085;82.31;1;1;1;1;1;0;1;1;0.132529747812783;0.0102991827615474;4;1
Kota Batu;Kota Batu;JAWA TIMUR;14.323;1.755;2.314;0.717;0.312;0.643;2.2;76.28;1;1;1;1;1;0;1;1;0.123359927401974;0.0893296026014293;4;4
Pandeglang;Pandeglang;BANTEN;24.698;1.138;2.345;0.814;0.268;0.407;1.938;65.17;0;1;1;1;1;1;1;0;0.0122807614404006;0.0217402668742226;1;1
Lebak;Lebak;BANTEN;23.578;1.777;2.199;0.968;0.338;0.716;2.25;64.03;0;1;1;1;1;1;1;1;0.0241024548078972;0.0211574603297619;1;1
Tangerang;Tangerang;BANTEN;17.761;0.813;3.53;1.253;0.308;0.559;2.26;72.29;1;1;1;1;1;1;1;1;0.0328138995944934;0.00958567964084218;1;1
Serang;Serang;BANTEN;22.525;0.78;2.044;1.03;0.283;0.515;2.288;66.82;0;1;1;1;1;1;1;0;0.0223118603088232;0.0212300731423348;1;1
Kota Tangerang;Kota Tangerang;BANTEN;13.013;0.993;3.486;1.195;0.37;0.718;2.465;78.5;1;1;1;1;1;0;1;1;0.0755912334583925;0.0153677601404534;3;1
Kota Cilegon;Kota Cilegon;BANTEN;16.335;1.005;2.752;1.157;0.31;0.6;1.964;73.35;1;1;1;1;1;0;1;0;0.0792505837019039;0.0500654885062926;3;2
Kota Serang;Kota Serang;BANTEN;20.896;0.819;2.371;1.056;0.315;0.482;2.001;72.44;1;1;1;1;1;1;1;0;0.0375930003065987;0.039441836387251;2;2
Kota Tangerang Selatan;Kota Tangerang Selatan;BANTEN;12.063;1.069;3.393;1.171;0.328;0.642;2.211;81.6;1;1;1;1;1;0;1;1;0.0698054545511588;0.021569101125358;3;1
Jembrana;Jembrana;BALI;16.688;1.014;2.081;0.784;0.335;0.587;2.753;72.75;1;1;1;0;0;0;1;0;0.0729909173645087;0.0470318044942859;3;2
Tabanan;Tabanan;BALI;13.883;1.143;1.386;0.73;0.293;0.507;2.659;76.45;1;1;1;0;0;0;1;0;0.079763845987282;0.0433066864640091;3;2
Badung;Badung;BALI;9.771;0.829;1.674;0.899;0.245;0.548;2.149;81.83;1;1;1;0;0;0;1;0;0.0964521578866534;0.0319459376439871;4;1
Gianyar;Gianyar;BALI;8.541;0.871;1.572;0.794;0.3;0.749;2.283;77.7;1;1;1;0;0;0;1;0;0.0700377924726334;0.0349191273011705;3;2
Klungkung;Klungkung;BALI;7.331;0.904;1.883;0.701;0.279;0.74;2.699;71.75;1;1;1;0;0;0;1;0;0.109565282258817;0.0685365808172171;4;3
Bangli;Bangli;BALI;9.237;1.343;1.761;0.669;0.322;0.877;2.9;69.37;0;1;1;0;0;0;1;0;0.0669531813982368;0.0415184532692977;3;2
Karang asem;Karangasem;BALI;7.963;0.917;1.037;0.601;0.338;0.626;1.99;67.36;0;1;1;0;0;0;1;0;0.0506291790895671;0.0407361211065482;2;2
Buleleng;Buleleng;BALI;12.278;0.835;0.887;0.59;0.285;0.74;2.259;72.56;1;1;1;0;0;0;1;0;0.062225631845885;0.0283729397653448;3;1
Kota Denpasar;Kota Denpasar;BALI;10.024;0.721;2.646;0.895;0.261;0.561;2.507;84.03;1;1;1;0;0;0;1;0;0.0990872568856397;0.03035799316714;4;1
Lombok Barat;Lombok Barat;NUSA TENGGARA BARAT;10.634;1.276;1.746;0.788;0.279;0.518;2.616;68.61;0;1;0;1;0;0;1;0;0.0343379381388838;0.0339208781614884;1;2
Lombok Tengah;Lombok Tengah;NUSA TENGGARA BARAT;11.141;1.306;1.434;0.698;0.353;0.531;3.024;66.72;0;1;0;1;0;0;1;0;0.0225147759204951;0.0220357381349526;1;1
Lombok Timur;Lombok Timur;NUSA TENGGARA BARAT;6.811;1.347;1.642;1.079;0.394;0.775;3.094;66.66;0;1;0;1;0;0;1;0;0.0326819804355182;0.0197325164893695;1;1
Sumbawa;Sumbawa;NUSA TENGGARA BARAT;16.996;1.296;2.97;0.847;0.268;0.532;1.638;68.01;0;1;0;1;0;1;0;1;0.0485537771925429;0.0392314519715747;2;2
Dompu;Dompu;NUSA TENGGARA BARAT;15.447;0.99;1.305;0.909;0.265;0.417;2.027;68.45;0;1;0;1;0;0;1;0;0.0736320820369148;0.088448293666294;3;4
Bima;Bima;NUSA TENGGARA BARAT;16.535;0.921;1.224;1.086;0.234;0.36;1.487;66.66;0;1;0;1;0;0;0;0;0.0247139501759218;0.0392404705083339;1;2
Sumbawa Barat;Sumbawa Barat;NUSA TENGGARA BARAT;13.625;0.889;2.577;0.84;0.244;0.679;1.91;71.85;1;1;0;1;0;0;0;0;0.0861197705370742;0.0861197705370742;4;3
Lombok Utara;Lombok Utara;NUSA TENGGARA BARAT;6.027;1.138;1.231;0.896;0.454;0.871;3.178;64.77;0;1;0;1;0;0;1;0;0.0440695300774543;0.0814870556149155;2;3
Kota Mataram;Kota Mataram;NUSA TENGGARA BARAT;11.941;0.951;2.12;0.912;0.273;0.712;1.944;79.14;1;1;0;1;0;0;1;0;0.0922101086495876;0.0528578148067081;4;2
Kota Bima;Kota Bima;NUSA TENGGARA BARAT;15.661;0.618;1.535;1.125;0.213;0.375;1.444;76.11;1;1;0;1;0;0;0;0;0.117470162578705;0.0906198397035724;4;4
Sumba Barat;Sumba Barat;NUSA TENGGARA TIMUR;8.248;1.655;1.23;0.372;0.391;0.389;1.273;63.83;0;1;0;0;0;0;0;0;0.0268940107038163;0.106231342280074;1;4
Sumba Timur;Sumba Timur;NUSA TENGGARA TIMUR;12.704;1.491;1.709;0.613;0.177;0.204;1.464;65.74;0;1;0;0;0;0;0;0;0.0521369961642067;0.0628954239441224;2;3
Kupang;Kupang;NUSA TENGGARA TIMUR;5.522;1.404;2.117;0.402;0.201;0.178;1.575;64.41;0;1;0;0;0;0;0;0;0.0334078653163225;0.0473497303695909;1;2
Timor Tengah Selatan;Timor Tengah Selatan;NUSA TENGGARA TIMUR;4.072;1.151;2.227;0.597;0.204;0.491;1.91;62.16;0;1;0;0;0;0;0;0;0.0217928694585754;0.0267069478659012;1;1
Timor Tengah Utara;Timor Tengah Utara;NUSA TENGGARA TIMUR;8.931;1.212;1.626;0.48;0.166;0.232;2.089;63.69;0;1;0;0;0;0;1;0;0.0267215650557201;0.0387650873343545;1;2
Belu;Belu;NUSA TENGGARA TIMUR;5.461;1.341;2.653;0.692;0.197;0.357;1.641;62.77;0;1;0;0;0;0;0;1;0.0355738958752068;0.0849326764020562;2;3
Alor;Alor;NUSA TENGGARA TIMUR;7.215;1.358;1.985;0.294;0.197;0.448;1.846;61.37;0;1;0;0;0;0;0;0;0.0346305154867665;0.0706462515930037;1;3
Lembata;Lembata;NUSA TENGGARA TIMUR;9.984;1.764;3.208;0.33;0.242;0.656;1.736;64.75;0;1;0;0;0;0;0;1;0.0533652563335184;0.0677882985858207;3;3
Flores Timur;Flores Timur;NUSA TENGGARA TIMUR;9.026;1.564;2.503;0.56;0.432;0.375;1.748;64.22;0;1;0;0;0;0;0;1;0.0334920976277018;0.0398379687571611;1;2
Sikka;Sikka;NUSA TENGGARA TIMUR;7.745;1.156;1.483;0.359;0.318;0.42;1.567;65.41;0;1;0;0;0;0;0;0;0.0342873529540113;0.0445735588402147;1;2
Ende;Ende;NUSA TENGGARA TIMUR;7.753;1.184;2.054;0.508;0.369;0.549;1.945;67.3;0;1;0;0;0;0;1;0;0.0468550797807618;0.0421332500354137;2;2
Ngada;Ngada;NUSA TENGGARA TIMUR;10.231;1.59;2.093;0.484;0.362;0.453;2.007;67.88;0;1;0;0;0;0;1;0;0.0397904764167191;0.0540437814018125;2;2
Manggarai;Manggarai;NUSA TENGGARA TIMUR;14.108;1.661;1.768;0.545;0.192;0.395;2.159;65.01;0;1;0;0;0;0;1;0;0.0266619543212517;0.0403029542065433;1;2
Rote Ndao;Rote Ndao;NUSA TENGGARA TIMUR;5.772;2.465;2.941;0.459;0.21;0.1;1.298;62.6;0;1;0;0;0;0;0;1;0.0244356053921236;0.0746643498092665;1;3
Manggarai Barat;Manggarai Barat;NUSA TENGGARA TIMUR;15.341;1.523;1.727;0.544;0.195;0.391;1.842;64.17;0;1;0;0;0;0;0;0;0.0290604304002692;0.0565913644636821;1;2
Sumba Tengah;Sumba Tengah;NUSA TENGGARA TIMUR;8.118;1.591;1.279;0.382;0.141;0.325;1.208;61.8;0;1;0;0;0;0;0;0;0.0352966627574664;0.162820089494119;2;4
Sumba Barat Daya;Sumba Barat Daya;NUSA TENGGARA TIMUR;7.675;1.486;1.229;0.461;0.301;0.584;1.646;62.29;0;1;0;0;0;0;0;0;0.0240373829379451;0.0666636753479011;1;3
Nagekeo;Nagekeo;NUSA TENGGARA TIMUR;8.47;1.664;1.178;0.345;0.413;0.424;1.65;65.82;0;1;0;0;0;0;0;0;0.0408943034845609;0.0445564799160141;2;2
Manggarai Timur;Manggarai Timur;NUSA TENGGARA TIMUR;9.686;0.756;1.214;0.486;0.206;0.417;1.545;61.37;0;1;0;0;0;0;0;0;0;0.0230656478098795;1;1
Sabu Raijua;Sabu Raijua;NUSA TENGGARA TIMUR;7.585;2.298;1.589;0.393;0.24;0.141;2.083;57.03;0;1;0;0;0;0;1;0;0;0.0712213412654357;1;3
Malaka;Malaka;NUSA TENGGARA TIMUR;4.195;1.071;2.592;0.537;0.202;0.258;1.702;60.42;0;1;0;0;0;0;0;0;0.0165036927012419;0.0613731072327433;1;3
Kota Kupang;Kota Kupang;NUSA TENGGARA TIMUR;7.922;1.058;3.071;0.678;0.239;0.328;2.065;79.74;1;1;0;0;0;0;1;1;0.083300421722571;0.0501618343343003;4;2
Sambas;Sambas;KALIMANTAN BARAT;18.85;2.189;1.366;0.771;0.286;0.606;1.098;67.1;0;0;0;1;0;1;0;0;0.0386418793148135;0.0337723741979061;2;2
Bengkayang;Bengkayang;KALIMANTAN BARAT;22.481;1.812;1.358;0.854;0.273;0.539;1.6;68.04;0;0;0;1;0;1;0;0;0.0535253758941171;0.0629096950443844;3;3
Landak;Landak;KALIMANTAN BARAT;22.142;2.045;1.875;1.005;0.244;0.447;1.658;66.21;0;0;0;1;0;1;0;1;0.0252357418058797;0.049971765952237;1;2
Mempawah;Mempawah;KALIMANTAN BARAT;19.247;1.888;1.482;0.98;0.29;0.378;1.2;66.03;0;0;0;1;0;1;0;0;0.0520598000117871;0.0504226993824856;2;2
Sanggau;Sanggau;KALIMANTAN BARAT;20.356;1.792;2.17;1.28;0.267;0.365;1.679;66.2;0;0;0;1;0;1;0;1;0.0303829691140696;0.0365416790696242;1;2
Ketapang;Ketapang;KALIMANTAN BARAT;24.501;1.866;1.844;1.025;0.265;0.322;1.527;67.43;0;0;0;1;0;1;0;0;0.0320112511676235;0.0363843729118344;1;2
Sintang;Sintang;KALIMANTAN BARAT;23.885;1.991;2.021;0.992;0.251;0.338;1.658;66.93;0;0;0;1;0;1;0;1;0.0429303893493607;0.0592732080221287;2;3
Kapuas Hulu;Kapuas Hulu;KALIMANTAN BARAT;22.711;2.132;1.672;1.217;0.208;0.373;1.659;65.75;0;0;0;1;0;1;0;0;0.0374659955366597;0.0688234048445161;2;3
Sekadau;Sekadau;KALIMANTAN BARAT;19.341;2.25;2.673;0.972;0.241;0.389;1.526;64.93;0;0;0;1;0;1;0;1;0.0341973232396576;0.0693315594447854;1;3
Melawi;Melawi;KALIMANTAN BARAT;29.137;2.237;1.847;1.17;0.259;0.359;1.579;65.87;0;0;0;1;0;1;0;1;0.047638258242277;0.0785387500751054;2;3
Kayong Utara;Kayong Utara;KALIMANTAN BARAT;23.639;2.034;1.502;1.255;0.42;0.425;1.472;62.9;0;0;0;1;0;1;0;0;0.0655613393470723;0.113744974288896;3;4
Kubu Raya;Kubu Raya;KALIMANTAN BARAT;21.95;1.734;1.627;1.18;0.303;0.423;1.166;68.16;0;0;0;1;0;1;0;0;0.0300435631665916;0.0361513205136459;1;2
Kota Pontianak;Kota Pontianak;KALIMANTAN BARAT;12.142;1.479;1.91;1.285;0.257;0.598;1.678;79.93;1;0;0;1;0;0;0;0;0.0527694201210399;0.0409262832188747;3;2
Kota Singkawang;Kota Singkawang;KALIMANTAN BARAT;17.6;1.79;1.706;1.11;0.32;0.724;1.318;72.11;1;0;0;1;0;1;0;0;0.0987846115527337;0.0810540402483969;4;3
Kotawaringin Barat;Kotawaringin Barat;KALIMANTAN TENGAH;23.064;1.77;4.057;1.092;0.376;0.702;2.449;73.07;1;0;0;1;0;1;1;1;0.0704794184260124;0.0637482380145394;3;3
Kotawaringin Timur;Kotawaringin Timur;KALIMANTAN TENGAH;23.342;1.944;3.659;1.064;0.315;0.514;1.988;71.38;1;0;0;1;0;1;1;1;0.0397143472922806;0.0435889177598202;2;2
Kapuas;Kapuas;KALIMANTAN TENGAH;22.031;2.462;6.054;1.378;0.321;0.429;1.89;69.63;1;0;0;1;0;1;0;1;0.0426745618624432;0.0419512642037578;2;2
Barito Selatan;Barito Selatan;KALIMANTAN TENGAH;21.276;2.878;5.665;1.48;0.323;0.487;2.242;70.54;1;0;0;1;0;1;1;1;0.0962546089656511;0.111779545895595;4;4
Barito Utara;Barito Utara;KALIMANTAN TENGAH;24.112;2.162;4.927;1.586;0.315;0.448;1.75;70.79;1;0;0;1;0;1;0;1;0.0872790748418067;0.0808614958093209;4;3
Sukamara;Sukamara;KALIMANTAN TENGAH;28.898;1.404;2.865;1.159;0.337;0.572;2.258;68.27;0;0;0;1;0;1;1;1;0.120209879952566;0.186812651277636;4;4
Lamandau;Lamandau;KALIMANTAN TENGAH;24.635;2.051;4.119;1.279;0.377;0.709;2.169;70.58;1;0;0;1;0;1;1;1;0.0755052187430602;0.144348212302909;3;4
Seruyan;Seruyan;KALIMANTAN TENGAH;28.158;1.804;3.039;1.325;0.331;0.405;1.932;67.67;0;0;0;1;0;1;1;1;0.0603643565430893;0.0935986652016441;3;4
Katingan;Katingan;KALIMANTAN TENGAH;24.643;2.146;3.214;1.196;0.297;0.462;2.038;68.89;0;0;0;1;0;1;1;1;0.0485635415601677;0.0843472037623965;2;3
Pulang Pisau;Pulang Pisau;KALIMANTAN TENGAH;24.74;2.647;5.861;1.327;0.36;0.545;2.016;68.53;0;0;0;1;0;1;1;1;0.0649841317817742;0.0785854616895874;3;3
Gunung Mas;Gunung Mas;KALIMANTAN TENGAH;29.421;2.077;4.323;1.301;0.228;0.346;1.566;71.03;1;0;0;1;0;1;0;1;0.0509770603228547;0.0731409995936611;2;3
Barito Timur;Barito Timur;KALIMANTAN TENGAH;20.859;2.512;4.458;1.374;0.322;0.425;1.73;71.47;1;0;0;1;0;1;0;1;0.0677667766776678;0.103850385038504;3;4
Murung Raya;Murung Raya;KALIMANTAN TENGAH;20.793;1.953;3.014;1.469;0.237;0.264;1.489;68.12;0;0;0;1;0;1;0;1;0.0960693895476504;0.142731664470795;4;4
Kota Palangka Raya;Kota PalangkaRaya;KALIMANTAN TENGAH;14.371;1.586;4.829;1.186;0.282;0.561;2.301;80.82;1;0;0;1;0;0;1;1;0.0834188188346166;0.0706429636977834;4;3
Tanah Laut;Tanah Laut;KALIMANTAN SELATAN;23.523;2.354;4.928;0.939;0.335;0.636;2.101;69.87;1;1;0;1;1;1;1;1;0.0626025509824884;0.0540268590670791;3;2
Kota Baru;Kota Baru;KALIMANTAN SELATAN;21.43;1.764;3.19;1.402;0.359;0.406;1.842;69.13;0;1;0;1;1;1;0;1;0.0374249181909846;0.0528897604186642;2;2
Banjar;Banjar;KALIMANTAN SELATAN;23.084;2.097;4.437;1.291;0.306;0.482;1.587;69.89;1;1;0;1;1;1;0;1;0.0407077330154253;0.0425250425250425;2;2
Barito Kuala;Barito Kuala;KALIMANTAN SELATAN;19.707;2.44;4.341;1.12;0.347;0.516;1.542;66.64;0;1;0;1;1;1;0;1;0.0377972163461844;0.0505021630171707;2;2
Tapin;Tapin;KALIMANTAN SELATAN;21.09;2.04;4.591;1.236;0.333;0.429;1.912;70.31;1;1;0;1;1;1;1;1;0.0730627699856008;0.0746626846568183;3;3
Hulu Sungai Selatan;Hulu Sungai Selatan;KALIMANTAN SELATAN;19.397;2.149;3.947;1.094;0.283;0.457;1.384;69.21;0;1;0;1;1;1;0;1;0.0785286933432832;0.105428024764739;3;4
Hulu Sungai Tengah;Hulu Sungai Tengah;KALIMANTAN SELATAN;18.616;2.101;3.808;1.075;0.308;0.308;1.432;69.05;0;1;0;1;1;1;0;1;0.0635420016505422;0.0743906360786836;3;3
Hulu Sungai Utara;Hulu Sungai Utara;KALIMANTAN SELATAN;12.788;1.989;3.226;1.201;0.276;0.365;1.351;66.12;0;1;0;1;1;0;0;1;0.0762922822727253;0.0815237530571407;3;3
Tabalong;Tabalong;KALIMANTAN SELATAN;19.102;2.147;3.893;1.12;0.327;0.627;1.86;72.6;1;1;0;1;1;1;0;1;0.0723404605127952;0.0875483982342351;3;3
Tanah Bumbu;Tanah Bumbu;KALIMANTAN SELATAN;21.085;1.894;3.546;1.221;0.342;0.575;1.974;71;1;1;0;1;1;1;1;1;0.0356546379177691;0.0434736374611396;2;2
Balangan;Balangan;KALIMANTAN SELATAN;20.038;2.08;4.294;1.286;0.318;0.5;1.571;69.11;0;1;0;1;1;1;0;1;0.0901940701220677;0.11465347896873;4;4
Kota Banjarmasin;Kota Banjarmasin;KALIMANTAN SELATAN;15.38;1.546;3.628;1.252;0.278;0.598;1.502;77.57;1;1;0;1;1;0;0;1;0.0799979664068353;0.042017623477235;4;2
Kota Banjar Baru;Kota BanjarBaru;KALIMANTAN SELATAN;17.088;1.656;3.493;1.263;0.311;0.667;2.035;79.26;1;1;0;1;1;1;1;1;0.101599342990915;0.0723895318810272;4;3
Paser;Paser;KALIMANTAN TIMUR;17.964;2.093;3.7;1.086;0.328;0.464;2.393;72.93;1;0;1;1;1;1;1;1;0.0679306575991256;0.0656536523164734;3;3
Kutai Barat;Kutai Barat;KALIMANTAN TIMUR;23.21;1.92;3.333;1.225;0.313;0.384;1.561;72.07;1;0;1;1;1;1;0;1;0.101751848083265;0.106042588665089;4;4
Kutai Kartanegara;Kutai Kartanegara;KALIMANTAN TIMUR;21.618;2.028;3.447;1.31;0.285;0.505;2.083;74.06;1;0;1;1;1;1;1;1;0.0532639698834833;0.0356536600575078;3;2
Kutai Timur;Kutai Timur;KALIMANTAN TIMUR;23.733;1.86;3.697;1.337;0.315;0.455;2.189;73.81;1;0;1;1;1;1;1;1;0.0483852605214223;0.0502827217183409;2;2
Berau;Berau;KALIMANTAN TIMUR;23.496;2.079;3.201;1.334;0.319;0.552;2.238;75.2;1;0;1;1;1;1;1;1;0.0584215787674345;0.0653456177324638;3;3
Penajam Paser Utara;Penajam Paser Utara;KALIMANTAN TIMUR;20.77;2.006;3.985;1.171;0.398;0.489;1.977;72.01;1;0;1;1;1;1;1;1;0.0948706230801715;0.0896643083989425;4;4
Mahakam Ulu;Mahakam Ulu;KALIMANTAN TIMUR;26.936;2.151;2.867;1.24;0.263;0.219;1.598;67.95;0;0;1;1;1;1;0;1;0;0.287615798802716;1;4
Kota Balikpapan;Kota Balikpapan;KALIMANTAN TIMUR;13.144;1.231;3.139;0.847;0.303;0.59;2.249;80.71;1;0;1;1;1;0;1;1;0.121405061242109;0.043615892372165;4;2
Kota Samarinda;Kota Samarinda;KALIMANTAN TIMUR;12.889;1.489;2.821;0.869;0.291;0.556;2.034;80.76;1;0;1;1;1;0;1;1;0.0966310832939675;0.0369807029119771;4;2
Kota Bontang;Kota Bontang;KALIMANTAN TIMUR;14.77;1.235;2.826;1.206;0.3;0.636;1.875;80.59;1;0;1;1;1;0;0;1;0.141327480712956;0.139110579054713;4;4
Malinau;Malinau;KALIMANTAN UTARA;16.596;1.993;2.272;0.873;0.216;0.438;1.814;72.32;1;0;0;1;1;0;0;1;0.140802950631744;0.149525257308047;4;4
Bulungan;Bulungan;KALIMANTAN UTARA;22.651;2.19;3.403;1.164;0.268;0.413;1.779;71.8;1;0;0;1;1;1;0;1;0.0994028676654629;0.124432366717918;4;4
Tana Tidung;Tana Tidung;KALIMANTAN UTARA;22.277;2.206;3.223;1.317;0.279;0.403;1.612;67.76;0;0;0;1;1;1;0;1;0.267424369045629;0.321744944008023;4;4
Nunukan;Nunukan;KALIMANTAN UTARA;24.305;1.997;2.852;1.252;0.265;0.443;1.603;66.46;0;0;0;1;1;1;0;1;0.0712341172767584;0.0927700131976388;3;4
Kota Tarakan;Kota Tarakan;KALIMANTAN UTARA;15.131;1.453;3.019;0.97;0.28;0.357;1.64;76.23;1;0;0;1;1;0;0;1;0.10396728728032;0.0874369236123195;4;3
Bolaang Mongondow;Bolaang Mongondow;SULAWESI UTARA;20.776;1.632;1.021;0.451;0.446;0.783;1.831;68.16;0;1;1;0;0;1;0;0;0.0519322803064804;0.0643161317641795;2;3
Minahasa;Minahasa;SULAWESI UTARA;14.559;1.488;2.026;0.403;0.301;0.649;2.007;75.73;1;1;1;0;0;0;1;0;0.0815055661265213;0.0565847995051029;4;2
Kepulauan Sangihe;Kepulauan Sangihe;SULAWESI UTARA;11.985;2.262;2.161;0.365;0.585;0.393;1.833;71.07;1;1;1;0;0;0;0;1;0.0926914218302343;0.0828605134543003;4;3
Kepulauan Talaud;Kepulauan Talaud;SULAWESI UTARA;11.583;2.069;2.311;0.516;0.612;0.469;1.72;69.83;1;1;1;0;0;0;0;1;0.0745218183323673;0.103502525461621;3;4
Minahasa Selatan;Minahasa Selatan;SULAWESI UTARA;13.718;1.798;1.872;0.479;0.419;0.726;2.336;72.32;1;1;1;0;0;0;1;0;0.0725503763812879;0.0557757228827242;3;2
Minahasa Utara;Minahasa Utara;SULAWESI UTARA;12.2;1.642;2.051;0.709;0.411;0.67;2.087;74.11;1;1;1;0;0;0;1;0;0.104823223765955;0.0718400542189088;4;3
Bolaang Mongondow Utara;Bolaang Mongondow Utara;SULAWESI UTARA;18.775;1.941;1.223;0.664;0.338;0.489;2.272;67.39;0;1;1;0;0;1;1;0;0.0780400132431538;0.119424868750887;3;4
Siau Tagulandang Biar;Kepulauan Siau Tagulandang Biaro;SULAWESI UTARA;12.571;2.181;1.871;0.442;0.39;0.411;1.393;68.05;0;1;1;0;0;0;0;1;0.0950118764845606;0.128944689514761;4;4
Minahasa Tenggara;Minahasa Tenggara;SULAWESI UTARA;16.278;1.485;1.752;0.561;0.345;0.611;1.94;71.06;1;1;1;0;0;0;1;0;0.0759301442672741;0.10493716567275;3;4
Bolaang Mongondow Selatan;Bolaang Mongondow Selatan;SULAWESI UTARA;18.884;1.93;1.619;0.508;0.413;0.703;1.574;65.42;0;1;1;0;0;1;0;0;0.0899305848298345;0.12084422336509;4;4
Bolaang Mongondow Timur;Bolaang Mongondow Timur;SULAWESI UTARA;26.043;1.706;1.206;0.61;0.376;0.599;2.044;66.55;0;1;1;0;0;1;1;0;0.0781931711297213;0.111056967691488;3;4
Kota Manado;Kota Manado;SULAWESI UTARA;11.139;1.47;2.409;0.873;0.309;0.486;1.854;79.2;1;1;1;0;0;0;0;0;0.121854562870597;0.0440795636123202;4;2
Kota Bitung;Kota Bitung;SULAWESI UTARA;14.598;1.706;2.496;0.77;0.356;0.546;1.977;74.2;1;1;1;0;0;0;1;1;0.0989374209720713;0.0674371658643714;4;3
Kota Tomohon;Kota Tomohon;SULAWESI UTARA;15.667;1.321;2.067;0.602;0.3;0.685;2.054;76.86;1;1;1;0;0;0;1;0;0.152638026952662;0.10041975457412;4;4
Kota Kotamobagu;Kota Kotamobagu;SULAWESI UTARA;20.925;1.131;1.578;0.643;0.307;0.61;1.52;73.47;1;1;1;0;0;1;0;0;0.115271903691136;0.111213033842857;4;4
Banggai Kepulauan;Banggai Kepulauan;SULAWESI TENGAH;15.349;2.001;1.221;0.716;0.38;1.1;0.992;65.61;0;0;0;0;0;0;0;0;0.0594913085643036;0.102683628480853;3;4
Banggai;Banggai;SULAWESI TENGAH;17.87;1.633;2.374;0.598;0.388;0.782;2.091;70.6;1;0;0;0;0;1;1;1;0.0541878493959008;0.0476526313783047;3;2
Morowali;Morowali;SULAWESI TENGAH;25.768;1.679;3.136;1.034;0.394;0.733;1.954;72.29;1;0;0;0;0;1;1;1;0.0764291222251793;0.0982660142895162;3;4
Poso;Poso;SULAWESI TENGAH;17.882;2.06;1.942;0.636;0.357;0.586;1.78;71.45;1;0;0;0;0;1;0;1;0.0705092877751483;0.0619995461471132;3;3
Donggala;Donggala;SULAWESI TENGAH;18.523;1.769;1.608;0.591;0.415;0.493;1.166;65.72;0;0;0;0;0;1;0;0;0.0465975524718184;0.0515547389049906;2;2
Toli-Toli;Toli-Toli;SULAWESI TENGAH;18.986;1.581;1.589;0.553;0.286;0.561;1.385;66.3;0;0;0;0;0;1;0;0;0.0586120841632896;0.0696018499439064;3;3
Buol;Buol;SULAWESI TENGAH;23.03;1.821;1.417;0.629;0.288;0.863;1.263;68.25;0;0;0;0;0;1;0;0;0.0583567590648685;0.118136853716685;3;4
Parigi Moutong;Parigi Moutong;SULAWESI TENGAH;25.117;1.606;1.546;0.584;0.412;0.731;1.507;65.82;0;0;0;0;0;1;0;0;0.0457020050918722;0.0474854979735062;2;2
Tojo Una-Una;Tojo Una-Una;SULAWESI TENGAH;24.376;2.041;1.259;0.656;0.498;0.485;1.34;64.74;0;0;0;0;0;1;0;0;0.079184280093072;0.0944120262648166;3;4
Sigi;Sigi;SULAWESI TENGAH;17.196;1.741;1.411;0.652;0.512;0.552;1.854;68.49;0;0;0;0;0;1;0;0;0.0563666531704258;0.0678781527615691;3;3
Banggai Laut;Banggai Laut;SULAWESI TENGAH;20.24;1.988;1.606;0.869;0.364;0.997;1.199;65.65;0;0;0;0;0;1;0;0;0.0471739835480732;0.128254267771324;2;4
Morowali Utara;Morowali Utara;SULAWESI TENGAH;23.811;2.504;3.857;1.038;0.392;0.712;2.161;68.48;0;0;0;0;0;1;1;1;0.0910918714866029;0.116531943703582;4;4
Kota Palu;Kota Palu;SULAWESI TENGAH;15.086;1.178;1.883;0.956;0.326;0.473;1.814;81.7;1;0;0;0;0;0;0;0;0.105298399464328;0.0518392120439769;4;2
Kepulauan Selayar;Kepulauan Selayar;SULAWESI SELATAN;14.931;2.225;2.687;0.92;0.496;0.598;1.234;67.76;0;1;1;0;1;0;0;1;0.0683236960961998;0.089180403325566;3;4
Bulukumba;Bulukumba;SULAWESI SELATAN;15.782;1.548;2.277;0.928;0.364;1.191;1.947;69.62;1;1;1;0;1;0;1;0;0.0486195916410824;0.0454239377304009;2;2
Bantaeng;Bantaeng;SULAWESI SELATAN;20.388;1.251;2.223;1.015;0.302;0.58;1.396;68.99;0;1;1;0;1;1;0;0;0.0562508089164999;0.0896030584510618;3;4
Jeneponto;Jeneponto;SULAWESI SELATAN;17.817;1.901;2.632;1.013;0.287;0.523;1.464;64.56;0;1;1;0;1;1;0;1;0.0358002443124781;0.0406381151655157;2;2
Takalar;Takalar;SULAWESI SELATAN;15.373;1.689;2.222;1.176;0.265;0.566;1.061;67.72;0;1;1;0;1;0;0;1;0.069477005849074;0.0667389957663519;3;3
Gowa;Gowa;SULAWESI SELATAN;16.694;1.455;2.059;1.154;0.273;0.53;1.344;70.29;1;1;1;0;1;0;0;0;0.0409311709351716;0.0340652971008848;2;2
Sinjai;Sinjai;SULAWESI SELATAN;16.482;1.624;1.625;1.068;0.366;1.022;1.389;67.75;0;1;1;0;1;0;0;0;0.0438746723832029;0.0615784875553725;2;3
Maros;Maros;SULAWESI SELATAN;17.082;1.402;2.237;1.231;0.26;0.586;1.611;70.41;1;1;1;0;1;1;0;0;0.045136186770428;0.0534370946822309;2;2
Pangkajene Kepulauan;Pangkajene Kepulauan;SULAWESI SELATAN;17.86;1.647;3.315;1.263;0.288;0.541;1.272;69.21;0;1;1;0;1;1;0;1;0.0530625708098496;0.0487602002036455;3;2
Barru;Barru;SULAWESI SELATAN;18.216;1.938;3.146;1.17;0.301;0.481;1.271;71.13;1;1;1;0;1;1;0;1;0.0953630410336692;0.0942605781315459;4;4
Bone;Bone;SULAWESI SELATAN;21.263;1.98;2.039;0.952;0.301;0.564;1.199;66.4;0;1;1;0;1;1;0;1;0.0260258846012277;0.0323464565758115;1;1
Soppeng;Soppeng;SULAWESI SELATAN;20.02;1.579;2.039;1.024;0.297;0.494;1.188;68.99;0;1;1;0;1;1;0;0;0.0681628626708835;0.0757835553918518;3;3
Wajo;Wajo;SULAWESI SELATAN;21.03;2.017;3.058;1.23;0.328;0.563;1.319;69.62;1;1;1;0;1;1;0;1;0.0392654424040067;0.0446076794657763;2;2
Sidenreng Rappang;Sidenreng Rappang;SULAWESI SELATAN;20.907;1.615;2.766;1.193;0.315;0.601;1.941;71.54;1;1;1;0;1;1;1;1;0.0471262417764708;0.0527813907896473;2;2
Pinrang;Pinrang;SULAWESI SELATAN;19.349;1.086;1.698;1.089;0.308;0.403;0.879;71.45;1;1;1;0;1;1;0;0;0.041813881218887;0.043793236542858;2;2
Enrekang;Enrekang;SULAWESI SELATAN;17.045;1.639;1.929;1.077;0.263;0.474;1.422;72.91;1;1;1;0;1;1;0;0;0.0446028360337922;0.0618257133141674;2;3
Luwu;Luwu;SULAWESI SELATAN;20.338;1.577;1.931;1.188;0.244;0.613;1.297;70.85;1;1;1;0;1;1;0;0;0.0476265214779376;0.0535798366626798;2;2
Tana Toraja;Tana Toraja;SULAWESI SELATAN;12.771;1.685;1.058;0.824;0.192;0.365;1.456;69.49;0;1;1;0;1;0;0;0;0.0408288607700951;0.0457143654776279;2;2
Luwu Utara;Luwu Utara;SULAWESI SELATAN;21.99;1.865;1.897;0.863;0.32;0.91;1.406;70.02;1;1;1;0;1;1;0;0;0.0516881218249271;0.0559699780707791;2;2
Luwu Timur;Luwu Timur;SULAWESI SELATAN;22.202;1.944;1.82;1.003;0.281;0.821;1.623;73.34;1;1;1;0;1;1;0;0;0.0686488179739934;0.0783129719606236;3;3
Toraja Utara;Toraja Utara;SULAWESI SELATAN;10.895;1.966;1.739;0.588;0.18;0.293;1.451;69.75;1;1;1;0;1;0;0;0;0.0475026593369116;0.0572467945855088;2;3
Kota Makassar;Kota Makassar;SULAWESI SELATAN;10.597;1.231;2.565;1.25;0.263;0.647;1.715;82.66;1;1;1;0;1;0;0;0;0.0725087484854481;0.0221592156586369;3;1
Kota Parepare;Kota Pare-pare;SULAWESI SELATAN;14.707;1.162;3.252;1.111;0.293;0.462;1.117;78.21;1;1;1;0;1;0;0;1;0.126290765916351;0.116160490575467;4;4
Kota Palopo;Kota Palopo;SULAWESI SELATAN;17.987;1.244;1.529;0.988;0.216;0.636;1.322;78.38;1;1;1;0;1;1;0;0;0.0992074427628171;0.0892866984865354;4;4
Buton;Buton;SULAWESI TENGGARA;12.064;1.313;2.309;0.723;0.288;0.377;1.389;66.32;0;0;1;0;1;0;0;0;0.0659552518983274;0.102315198457662;3;4
Muna;Muna;SULAWESI TENGGARA;11.27;1.154;2.45;1.045;0.199;0.477;1.306;69.17;0;0;1;0;1;0;0;0;0.0365077004205146;0.0500290709466312;2;2
Konawe;Konawe;SULAWESI TENGGARA;20.075;1.169;3.171;0.99;0.237;0.569;1.436;71.48;1;0;1;0;1;1;0;1;0.0574280015831503;0.068292758639422;3;3
Kolaka;Kolaka;SULAWESI TENGGARA;20.536;1.473;4.112;1.145;0.31;0.802;1.659;73.56;1;0;1;0;1;1;0;1;0.0440159654025965;0.0662376178388588;2;3
Konawe Selatan;Konawe Selatan;SULAWESI TENGGARA;19.984;1.409;3.463;1.013;0.305;0.702;1.739;68.58;0;0;1;0;1;1;0;1;0.032090881376057;0.0490990485053672;1;2
Bombana;Bombana;SULAWESI TENGGARA;25.589;1.633;2.278;1.148;0.305;0.54;1.063;66.25;0;0;1;0;1;1;0;1;0.0521229538218804;0.0838193446595103;2;3
Wakatobi;Wakatobi;SULAWESI TENGGARA;15.618;1.763;3.009;0.992;0.343;0.425;1.603;69.87;1;0;1;0;1;0;0;1;0.0636998254799302;0.0828970331588133;3;3
Kolaka Utara;Kolaka Utara;SULAWESI TENGGARA;29.389;1.843;2.853;1.797;0.298;1.07;1.304;69.5;0;0;1;0;1;1;0;1;0.0274186100207804;0.0772050334795659;1;3
Buton Utara;Buton Utara;SULAWESI TENGGARA;17.7;1.396;2.908;0.998;0.373;0.505;1.144;68.08;0;0;1;0;1;1;0;1;0.102578027183177;0.158392541974024;4;4
Konawe Utara;Konawe Utara;SULAWESI TENGGARA;24.998;1.395;4.031;1.433;0.302;0.82;1.189;70.23;1;0;1;0;1;1;0;1;0.0450201864707078;0.164105841006129;2;4
Kolaka Timur;Kolaka Timur;SULAWESI TENGGARA;22.844;1.581;2.754;1.081;0.341;0.813;1.91;67.76;0;0;1;0;1;1;0;1;0.0559606167022165;0.104622022530231;3;4
Konawe Kepulauan;Konawe Kepulauan;SULAWESI TENGGARA;19.782;1.384;2.312;1.002;0.304;0.708;1.199;65.73;0;0;1;0;1;1;0;0;0.0831478153582062;0.123380629241209;4;4
Muna Barat;Muna Barat;SULAWESI TENGGARA;18.272;1.306;2.234;1.134;0.24;0.401;1.302;65.48;0;0;1;0;1;1;0;0;0.0395096020305541;0.0790192040611082;2;3
Buton Tengah;Buton Tengah;SULAWESI TENGGARA;7.447;1.153;2.546;0.843;0.198;0.392;1.403;64.55;0;0;1;0;1;0;0;0;0.0525130012027171;0.0686056951196788;3;3
Buton Selatan;Buton Selatan;SULAWESI TENGGARA;9.262;1.385;2.588;0.628;0.213;0.362;1.281;64.99;0;0;1;0;1;0;0;1;0.06512205297272;0.11396359270226;3;4
Kota Kendari;Kota Kendari;SULAWESI TENGGARA;13.41;1.089;2.384;1.205;0.227;0.687;1.601;84.15;1;0;1;0;1;0;0;0;0.0671956243617883;0.0648481789692367;3;3
Kota Baubau;Kota Bau-bau;SULAWESI TENGGARA;12.083;0.996;2.237;0.879;0.217;0.526;1.407;76.26;1;0;1;0;1;0;0;0;0.0962567522211879;0.0981565565413429;4;4
Boalemo;Boalemo;GORONTALO;12.321;1.579;1.619;0.56;0.53;0.533;1.629;66.42;0;1;0;0;0;0;0;0;0.0673771897586672;0.0891556753372262;3;4
Gorontalo;Gorontalo;GORONTALO;13.689;1.381;1.908;0.51;0.394;0.498;1.513;69;0;1;0;0;0;0;0;0;0.0580403468350423;0.046482528850575;3;2
Pohuwato;Pohuwato;GORONTALO;19.212;1.538;2.566;0.573;0.372;0.378;1.485;65.8;0;1;0;0;0;1;0;1;0.0614489666332111;0.103780476980534;3;4
Bone Bolango;Bone Bolango;GORONTALO;11.878;1.314;2.121;0.579;0.346;0.433;1.44;70.25;1;1;0;0;0;0;0;0;0.113173794790355;0.0961368794455701;4;4
Gorontalo Utara;Gorontalo Utara;GORONTALO;12.809;1.884;1.918;0.539;0.452;0.464;1.644;65.21;0;1;0;0;0;0;0;0;0.0589157902279404;0.0859852073596968;3;3
Kota Gorontalo;Kota Gorontalo;GORONTALO;13.56;1.337;2.41;0.488;0.315;0.474;1.743;77.41;1;1;0;0;0;0;0;0;0.130380701657983;0.0829241244261501;4;3
Majene;Majene;SULAWESI BARAT;13.844;1.408;2.071;0.544;0.386;0.389;1.137;67.29;0;0;0;1;1;0;0;0;0.0455962137827542;0.106198776405402;2;4
Polewali Mandar;Polewali Mandar;SULAWESI BARAT;18.172;1.416;1.698;0.764;0.357;0.578;1.401;64.23;0;0;0;1;1;1;0;0;0.0380687839797375;0.0449555991720518;2;2
Mamasa;Mamasa;SULAWESI BARAT;17.434;1.515;1.758;0.636;0.258;0.316;1.299;66.63;0;0;0;1;1;1;0;0;0.0486177632940701;0.0505432192661125;2;2
Mamuju;Mamuju;SULAWESI BARAT;22.457;1.793;2.078;0.986;0.345;0.409;2.066;68.32;0;0;0;1;1;1;1;0;0.0585445431881122;0.0769630511574059;3;3
Mamuju Utara;Mamuju Utara;SULAWESI BARAT;24.747;1.952;2.772;0.911;0.357;0.491;1.824;68.03;0;0;0;1;1;1;0;1;0.04030557247973;0.0674884004311759;2;3
Mamuju Tengah;Mamuju Tengah;SULAWESI BARAT;24.751;2.13;2.645;0.963;0.323;0.525;1.716;66.18;0;0;0;1;1;1;0;1;0.0525419810428532;0.0763610124489467;3;3
Maluku Tenggara Barat;Maluku Tenggara Barat;MALUKU;6.184;1.148;2.268;0.451;0.3;0.287;1.253;62.97;0;0;0;0;0;0;0;0;0.0520849774298431;0.145206603743805;2;4
Maluku Tenggara;Maluku Tenggara;MALUKU;5.698;1.382;2.936;0.478;0.359;0.417;1.277;66.33;0;0;0;0;0;0;0;1;0.0573245906788645;0.109937571164946;3;4
Maluku Tengah;Maluku Tengah;MALUKU;8.47;1.747;2.257;0.5;0.479;0.747;2.01;71.32;1;0;0;0;0;0;1;1;0.0277116950398414;0.0347570412364113;1;2
Buru;Buru;MALUKU;11.521;1.734;2.76;0.59;0.421;0.373;1.837;69.33;0;0;0;0;0;0;0;1;0.0472610731217416;0.0635070670073402;2;3
Kepulauan Aru;Kepulauan Aru;MALUKU;9.601;1.424;2.885;0.601;0.354;0.24;1.196;63.83;0;0;0;0;0;0;0;1;0;0.0646369400112164;1;3
Seram Bagian Barat;Seram Bagian Barat;MALUKU;6.607;1.677;2.3;0.455;0.547;0.479;1.441;65.83;0;0;0;0;0;0;0;1;0.0156689948577208;0.0360861699753569;1;2
Seram Bagian Timur;Seram Bagian Timur;MALUKU;7.919;2.008;3.795;0.573;0.437;0.686;1.187;64.3;0;0;0;0;0;0;0;1;0.0457615234158763;0.0774993541720486;2;3
Maluku Barat Daya;Maluku Barat Daya;MALUKU;5.662;1.362;2.492;0.407;0.298;0.409;1.39;62.37;0;0;0;0;0;0;0;0;0;0.0475549939537222;1;2
Buru Selatan;Buru Selatan;MALUKU;5.745;1.462;2.295;0.446;0.5;0.465;1.199;64.8;0;0;0;0;0;0;0;0;0;0.0864564639306252;1;3
Kota Ambon;Kota Ambon;MALUKU;9.428;1.426;3.233;0.792;0.321;0.611;1.965;81.23;1;0;0;0;0;0;1;1;0.0555479201026205;0.0632788161993769;3;3
Kota Tual;Kota Tual;MALUKU;7.378;1.093;2.91;0.407;0.273;0.295;1.216;68.16;0;0;0;0;0;0;0;1;0.0825269060323777;0.157140273130144;4;4
Halmahera Barat;Halmahera Barat;MALUKU UTARA;8.887;1.854;2.129;0.524;0.497;0.877;1.459;65.56;0;0;0;0;0;0;0;1;0.0525828550268469;0.0785039807443066;3;3
Halmahera Tengah;Halmahera Tengah;MALUKU UTARA;16.571;1.843;3.123;0.407;0.412;0.366;1.226;65.82;0;0;0;0;0;0;0;1;0.0584848761765512;0.120625057114137;3;4
Kepulauan Sula;Kepulauan Sula;MALUKU UTARA;11.655;1.453;2.712;0.374;0.429;0.55;1.105;63.8;0;0;0;0;0;0;0;1;0.028416659266495;0.0603854009413018;1;3
Halmahera Selatan;Halmahera Selatan;MALUKU UTARA;12.481;1.938;3.243;0.575;0.555;1.079;1.488;64.19;0;0;0;0;0;0;0;1;0.0270593993609207;0.0449663548203534;1;2
Halmahera Utara;Halmahera Utara;MALUKU UTARA;9.54;1.814;2.595;0.581;0.553;0.686;1.553;67.82;0;0;0;0;0;0;0;1;0.0647057643305712;0.0792520214281415;3;3
Halmahera Timur;Halmahera Timur;MALUKU UTARA;12.5;1.88;2.611;0.635;0.516;0.436;1.485;67;0;0;0;0;0;0;0;1;0.0325056622766546;0.0922741380756648;1;4
Pulau Morotai;Pulau Morotai;MALUKU UTARA;12.667;1.992;2.736;0.662;0.59;0.563;2.025;62.9;0;0;0;0;0;0;1;1;0.0445915816498885;0.133774744949666;2;4
Pulau Taliabu;Pulau Taliabu;MALUKU UTARA;11.595;1.605;2.497;0.667;0.477;1.21;1.142;60.73;0;0;0;0;0;0;0;1;0;0.0304986529761602;1;1
Kota Ternate;Kota Ternate;MALUKU UTARA;16.78;1.456;3.725;0.658;0.317;0.538;1.65;80.14;1;0;0;0;0;1;0;1;0.0830856741124213;0.0693902333246596;4;3
Kota Tidore Kepulauan;Kota Tidore Kepulauan;MALUKU UTARA;15.848;1.733;4.019;0.64;0.356;0.793;1.711;70.99;1;0;0;0;0;0;0;1;0.105775703058754;0.113643317335851;4;4
Fakfak;Fak-fak;PAPUA BARAT;17.501;2.083;3.692;0.728;0.301;0.815;2.672;68.52;0;0;0;0;0;1;1;1;0.0864677907479464;0.134252622477075;4;4
Kaimana;Kaimana;PAPUA BARAT;12.449;1.465;2.744;0.563;0.301;1.011;1.729;65.31;0;0;0;0;0;0;0;1;0.0560468302403786;0.188379623863495;3;4
Teluk Wondama;Teluk Wondama;PAPUA BARAT;16.887;2.04;4.181;0.686;0.328;0.598;1.703;60.33;0;0;0;0;0;1;0;1;0;0.0995294969236337;1;4
Teluk Bintuni;Teluk Bintuni;PAPUA BARAT;18.253;1.458;3.474;0.886;0.264;0.458;1.959;64.65;0;0;0;0;0;1;1;1;0.0387752038825236;0.116325611647571;2;4
Manokwari;Manokwari;PAPUA BARAT;13.997;1.483;3.161;0.796;0.31;0.59;2.518;72.02;1;0;0;0;0;0;1;1;0.0640191427731833;0.103375173166534;3;4
Sorong Selatan;Sorong Selatan;PAPUA BARAT;9.099;1.311;2.571;0.449;0.21;0.442;1.341;62.46;0;0;0;0;0;0;0;0;0.051013691416535;0.20405476566614;2;4
Sorong;Sorong;PAPUA BARAT;16.734;1.701;3.234;0.74;0.429;0.732;2.299;65.77;0;0;0;0;0;0;1;1;0.0894898266337995;0.0984388092971794;4;4
Raja Ampat;Raja Ampat;PAPUA BARAT;13.43;2.452;4.426;0.567;0.345;0.421;1.536;63.92;0;0;0;0;0;0;0;1;0.0471626350220599;0.174958162178609;2;4
Tambrauw;Tambrauw;PAPUA BARAT;13.713;1.959;3.11;0.541;0.258;0.625;1.883;53.71;0;0;0;0;0;0;0;1;0;0.113632776743158;1;4
Maybrat;Maybrat;PAPUA BARAT;11.07;1.363;2.676;0.603;0.282;0.361;1.762;59.7;0;0;0;0;0;0;0;1;0;0.131710418748297;1;4
Manokwari Selatan;Manokwari Selatan;PAPUA BARAT;9.283;1.493;2.992;0.717;0.311;0.707;2.372;59.85;0;0;0;0;0;0;1;1;0;0.0872885979268958;1;3
Pegunungan Arfak;Pegunungan Arfak;PAPUA BARAT;4.558;1.358;3.104;0.756;0.275;0.499;2.809;56.13;0;0;0;0;0;0;1;1;0;0.0490057001367001;1;2
Kota Sorong;Kota Sorong;PAPUA BARAT;12.493;1.406;3.047;0.808;0.347;0.421;1.907;78.49;1;0;0;0;0;0;0;1;0.0630478843338474;0.0566362350795579;3;2
Merauke;Merauke;PAPUA;16.862;1.14;2.847;0.889;0.384;0.691;2.083;70.49;1;0;0;1;0;1;1;1;0.0856512141280353;0.0909492273730684;4;4
Jayawijaya;Jayawijaya;PAPUA;6.884;1.187;2.61;0.995;0.174;0.359;2.691;58.67;0;0;0;1;0;0;1;0;0.0235002092987391;0.0470004185974781;1;2
Jayapura;Jayapura;PAPUA;11.861;1.993;2.372;0.952;0.345;0.421;2.157;72.03;1;0;0;1;0;0;1;1;0.0617040906873836;0.106953757191465;3;4
Nabire;Nabire;PAPUA;16.404;1.843;4.177;1.159;0.386;0.461;1.952;69.15;0;0;0;1;0;0;1;1;0.062395764085698;0.0962177670480389;3;4
Kepulauan Yapen;Kepulauan Yapen;PAPUA;9.893;2.292;3.852;0.596;0.457;0.266;1.761;67.72;0;0;0;1;0;0;0;1;0.0283690458248743;0.105497389161251;1;4
Biak Numfor;Biak Numfor;PAPUA;6.483;1.555;3.455;0.658;0.294;0.24;1.474;72.33;1;0;0;1;0;0;0;1;0.0868217054263566;0.144702842377261;4;4
Paniai;Paniai;PAPUA;5.367;1.033;3.002;1.503;0.265;0.454;2.208;56.7;0;0;0;1;0;0;1;1;0;0.0248227243767428;1;1
Puncak Jaya;Puncak Jaya;PAPUA;10.664;0.954;2.867;1.663;0.344;0.148;2.115;48.99;0;0;0;1;0;0;1;0;0;0.00870194465563199;1;1
Mimika;Mimika;PAPUA;15.753;1.426;2.635;0.981;0.322;0.405;1.838;74.48;1;0;0;1;0;0;0;1;0.0322279158206839;0.0525315027877147;1;2
Boven Digoel;Boven Digoel;PAPUA;12.967;0.9;1.94;0.759;0.305;0.51;1.381;61.62;0;0;0;1;0;0;0;0;0;0.126676484094184;1;4
Mappi;Mappi;PAPUA;6.616;0.799;1.676;0.617;0.193;0.281;0.723;58.7;0;0;0;1;0;0;0;0;0;0.0608096097894116;1;3
Asmat;Asmat;PAPUA;10.063;1.838;2.122;1.029;0.262;0.318;1.074;51.29;0;0;0;1;0;0;0;1;0;0.065446249929879;1;3
Yahukimo;Yahukimo;PAPUA;0.898;0.763;1.168;0.753;0.091;1.113;2.653;49.48;0;0;0;1;0;0;1;0;0;0.0107311590498971;1;1
Pegunungan Bintang;Pegunungan Bintang;PAPUA;6.78;0.395;1.698;0.574;0.1;0.297;1.848;46.28;0;0;0;1;0;0;0;0;0;0.0215720641768909;1;1
Tolikara;Tolikara;PAPUA;5.528;0.888;1.348;0.662;0.248;0.291;2.161;49.6;0;0;0;1;0;0;1;0;0;0.0043971858010873;1;1
Sarmi;Sarmi;PAPUA;11.327;0.967;2.598;0.695;0.242;0.475;1.447;63.94;0;0;0;1;0;0;0;0;0;0.185497058895316;1;4
Keerom;Keerom;PAPUA;17.128;1.819;3.027;1.027;0.286;0.494;2.021;66.49;0;0;0;1;0;1;1;1;0.110170291793887;0.160533853756807;4;4
Waropen;Waropen;PAPUA;8.786;2.01;3.558;0.452;0.432;0.224;1.255;65.1;0;0;0;1;0;0;0;1;0;0.0894879610727369;1;4
Supiori;Supiori;PAPUA;6.702;1.541;3.35;0.583;0.264;0.275;2.068;62.72;0;0;0;1;0;0;1;1;0;0.310142497904443;1;4
Mamberamo Raya;Mamberamo Raya;PAPUA;6.538;0.734;2.209;0.901;0.225;0.607;1.1;52.18;0;0;0;1;0;0;0;0;0;0.0661235717308506;1;3
Nduga;Nduga;PAPUA;6.217;0.75;1.231;0.65;0.151;0.277;3.194;32.84;0;0;0;1;0;0;1;0;0;0.00273810067083466;1;1
Lanny Jaya;Lanny Jaya;PAPUA;13.564;1.956;2.004;1.235;0.195;0.348;3.853;48.68;0;0;0;1;0;0;1;1;0;0.00447076122161067;1;1
Mamberamo Tengah;Mamberamo Tengah;PAPUA;4.756;0.78;1.515;0.804;0.081;0.689;3.657;48.32;0;0;0;1;0;0;1;0;0;0.0146311895157076;1;1
Yalimo;Yalimo;PAPUA;7.026;1.25;1.814;0.795;0.183;0.279;3.918;49.01;0;0;0;1;0;0;1;0;0;0.0246146855000568;1;1
Puncak;Puncak;PAPUA;5.72;3.919;4.533;1.43;0.36;0.05;2.32;43.17;0;0;0;1;0;0;1;1;0;0.00284757500512563;1;1
Dogiyai;Dogiyai;PAPUA;1.087;0.929;1.921;0.785;0.266;0.239;1.262;55;0;0;0;1;0;0;0;0;0;0.0253087227822141;1;1
Intan Jaya;Intan Jaya;PAPUA;6.388;0.752;2.495;0.939;0.257;0.322;1.647;48.34;0;0;0;1;0;0;0;0;0;0.00437857127219388;1;1
Deiyai;Deiyai;PAPUA;3.686;0.969;2.929;0.764;0.276;0.42;2.161;49.96;0;0;0;1;0;0;1;1;0;0.00551675438306136;1;1
Kota Jayapura;Kota Jayapura;PAPUA;10.313;1.119;3.406;0.811;0.279;0.442;2.075;80.11;1;0;0;1;0;0;1;1;0.0533117243144112;0.0599460722290935;3;3
Jakarta;DKI Jakarta;DKI JAKARTA;78.437;6.142;19.716;6.806;1.834;3.538;11.671;81.11;1;1;1;1;1;1;1;1;0.0884682354355694;0.0152562754600448;4;1
